date,temp_moy_c,humidite_pct,precip_mm,vent_ms
2020-01-01,23.4,66.0,0.0,4.4
2020-01-02,22.8,64.0,0.0,6.9
2020-01-03,24.2,63.0,0.0,4.2
2020-01-04,24.4,72.0,0.0,3.0
2020-01-05,23.8,66.0,0.0,3.1
2020-01-06,23.8,66.0,0.0,5.3
2020-01-07,25.3,61.0,0.0,5.1
2020-01-08,23.4,54.0,0.0,2.5
2020-01-09,23.1,61.0,0.0,5.0
2020-01-10,25.1,55.0,0.0,3.0
2020-01-11,23.1,65.0,0.0,6.8
2020-01-12,23.5,59.0,0.0,4.8
2020-01-13,23.4,62.0,0.0,5.7
2020-01-14,23.0,70.0,0.0,4.8
2020-01-15,22.6,57.0,0.0,4.5
2020-01-16,22.8,62.0,0.0,6.2
2020-01-17,21.7,54.0,0.0,5.4
2020-01-18,23.3,62.0,0.0,1.7
2020-01-19,23.1,65.0,0.5,5.4
2020-01-20,22.3,60.0,0.0,5.7
2020-01-21,24.6,56.0,0.0,8.7
2020-01-22,22.7,59.0,0.0,6.7
2020-01-23,21.1,62.0,0.0,3.9
2020-01-24,22.5,56.0,0.0,4.3
2020-01-25,22.8,56.0,0.0,7.8
2020-01-26,22.4,59.0,0.0,5.7
2020-01-27,22.3,56.0,0.0,6.6
2020-01-28,22.6,53.0,0.0,8.8
2020-01-29,22.6,52.0,0.0,4.8
2020-01-30,23.3,57.0,0.0,6.9
2020-01-31,21.1,66.0,0.0,8.4
2020-02-01,25.2,52.0,0.0,5.8
2020-02-03,22.7,56.0,0.0,4.5
2020-02-04,21.8,55.0,0.0,8.0
2020-02-05,20.8,58.0,0.0,6.1
2020-02-06,22.0,58.0,0.0,8.3
2020-02-07,23.1,58.0,0.0,5.2
2020-02-08,23.6,58.0,0.0,7.4
2020-02-09,23.5,57.0,0.0,4.3
2020-02-10,23.7,54.0,0.0,9.0
2020-02-11,21.6,56.0,0.0,7.5
2020-02-12,20.6,59.0,0.0,4.4
2020-02-13,22.8,64.0,0.0,6.1
2020-02-14,21.4,54.0,0.0,3.2
2020-02-15,21.9,51.0,0.0,4.9
2020-02-16,21.0,61.0,0.0,6.6
2020-02-17,19.9,56.0,0.0,5.8
2020-02-18,23.0,56.0,0.0,4.3
2020-02-19,20.6,55.0,0.0,5.1
2020-02-20,24.4,50.0,0.0,6.6
2020-02-21,22.9,59.0,0.0,6.1
2020-02-22,22.1,60.0,0.0,2.8
2020-02-23,21.7,54.0,0.0,4.2
2020-02-24,21.0,50.0,0.0,8.4
2020-02-25,20.3,56.0,0.0,5.4
2020-02-26,21.4,55.0,0.0,4.8
2020-02-27,23.1,56.0,0.0,5.4
2020-02-28,21.5,60.0,0.0,4.8
2020-03-01,22.6,59.0,0.0,4.1
2020-03-02,21.6,49.0,0.0,7.5
2020-03-03,22.5,65.0,0.0,7.1
2020-03-04,21.3,50.0,0.0,6.2
2020-03-05,21.5,50.0,0.0,4.9
2020-03-06,21.9,54.0,0.0,
2020-03-07,21.6,56.0,0.0,7.8
2020-03-08,24.6,60.0,0.0,6.2
2020-03-09,22.0,58.0,0.0,5.5
2020-03-10,21.6,61.0,0.0,5.1
2020-03-11,23.0,59.0,0.0,7.8
2020-03-12,22.8,59.0,0.0,6.7
2020-03-13,20.9,56.0,0.0,7.7
2020-03-14,22.0,56.0,0.0,5.3
2020-03-15,22.5,61.0,0.0,4.2
2020-03-16,21.3,61.0,0.0,4.4
2020-03-17,22.9,54.0,0.0,5.2
2020-03-18,22.5,54.0,0.0,7.9
2020-03-19,21.9,59.0,0.0,6.6
2020-03-20,23.7,56.0,0.0,8.6
2020-03-21,22.4,59.0,0.0,6.7
2020-03-22,21.8,58.0,0.0,6.9
2020-03-23,22.7,65.0,0.0,5.6
2020-03-24,21.5,52.0,0.0,5.0
2020-03-25,21.3,54.0,0.0,5.0
2020-03-26,22.6,58.0,0.0,5.3
2020-03-27,22.7,59.0,0.0,4.8
2020-03-28,21.7,60.0,0.0,7.4
2020-03-29,21.8,54.0,0.0,5.5
2020-03-30,21.9,61.0,0.0,4.9
2020-03-31,21.6,57.0,0.0,8.3
2020-04-01,22.6,56.0,0.0,8.1
2020-04-02,22.5,51.0,0.0,6.8
2020-04-03,21.5,57.0,0.0,8.5
2020-04-04,23.5,60.0,0.0,4.9
2020-04-05,22.3,55.0,0.0,5.5
2020-04-06,23.7,58.0,0.0,4.7
2020-04-07,23.5,51.0,0.0,8.8
2020-04-08,24.7,57.0,0.0,3.4
2020-04-09,20.0,60.0,0.0,5.7
2020-04-10,23.3,60.0,0.0,4.7
2020-04-11,20.8,58.0,0.0,4.0
2020-04-12,21.6,62.0,0.0,3.2
2020-04-13,22.3,58.0,0.0,5.9
2020-04-14,21.4,55.0,0.0,7.5
2020-04-15,22.3,57.0,0.0,6.7
2020-04-16,23.6,58.0,0.0,4.3
2020-04-17,24.9,59.0,0.0,8.1
2020-04-18,22.3,68.0,0.0,8.1
2020-04-19,22.4,66.0,0.0,6.6
2020-04-20,22.3,59.0,0.0,6.3
2020-04-21,22.3,61.0,0.0,4.9
2020-04-22,23.4,61.0,0.0,4.1
2020-04-23,24.4,54.0,0.0,7.8
2020-04-24,24.0,57.0,0.0,4.8
2020-04-25,21.3,67.0,0.0,4.2
2020-04-26,22.1,68.0,0.0,4.9
2020-04-27,22.1,65.0,0.0,8.1
2020-04-28,24.4,61.0,0.0,4.9
2020-04-29,,,0.0,5.4
2020-04-30,,,0.0,3.8
2020-05-01,,,0.0,3.5
2020-05-02,,,0.0,3.6
2020-05-03,,,0.0,5.7
2020-05-04,,,0.0,5.1
2020-05-05,22.7,63.0,0.0,5.8
2020-05-06,22.8,66.0,0.0,5.9
2020-05-07,23.9,70.0,0.0,2.9
2020-05-08,23.0,62.0,0.0,1.8
2020-05-09,25.2,60.0,0.0,2.0
2020-05-10,23.9,72.0,0.0,2.0
2020-05-11,24.9,61.0,0.0,3.5
2020-05-12,22.3,71.0,0.0,7.2
2020-05-13,25.3,63.0,0.0,3.4
2020-05-14,24.0,68.0,0.0,2.6
2020-05-15,24.7,62.0,0.0,4.8
2020-05-16,23.4,64.0,0.0,5.2
2020-05-17,23.7,62.0,0.0,3.8
2020-05-18,24.0,65.0,0.0,4.1
2020-05-19,23.9,71.0,0.0,4.7
2020-05-20,24.4,68.0,0.0,4.8
2020-05-21,25.8,67.0,0.0,4.4
2020-05-22,24.9,68.0,0.0,5.3
2020-05-23,22.1,60.0,0.0,4.0
2020-05-24,25.2,69.0,0.0,6.8
2020-05-25,22.8,71.0,0.0,6.7
2020-05-26,25.8,66.0,0.0,6.4
2020-05-27,24.6,70.0,0.0,4.6
2020-05-28,24.8,66.0,0.0,5.2
2020-05-29,24.5,67.0,0.0,5.0
2020-05-30,26.9,71.0,0.0,4.0
2020-05-31,22.9,68.0,0.0,6.2
2020-06-01,24.9,62.0,0.0,6.5
2020-06-02,25.3,65.0,0.0,5.0
2020-06-03,26.1,63.0,0.0,3.6
2020-06-04,24.3,70.0,0.0,4.8
2020-06-05,26.1,69.0,0.0,1.9
2020-06-06,24.4,65.0,0.0,3.3
2020-06-07,24.9,74.0,0.0,5.0
2020-06-08,26.3,74.0,0.0,3.5
2020-06-09,24.5,69.0,0.0,2.7
2020-06-10,25.4,72.0,0.0,4.9
2020-06-11,27.5,66.0,0.0,4.3
2020-06-12,24.9,69.0,0.0,5.9
2020-06-13,22.8,76.0,0.0,4.5
2020-06-14,26.4,71.0,0.0,6.2
2020-06-15,25.6,71.0,0.0,4.4
2020-06-16,27.5,71.0,0.0,5.9
2020-06-17,26.9,73.0,0.0,4.0
2020-06-18,24.5,70.0,0.0,6.8
2020-06-19,27.7,79.0,0.0,2.8
2020-06-20,25.8,65.0,0.0,3.4
2020-06-21,26.2,81.0,0.0,4.6
2020-06-22,26.9,72.0,0.0,3.5
2020-06-23,26.7,67.0,0.0,5.5
2020-06-24,27.8,75.0,0.0,9.4
2020-06-25,28.1,74.0,0.0,6.4
2020-06-26,25.3,73.0,0.0,6.5
2020-06-27,25.5,79.0,0.0,2.7
2020-06-28,25.5,72.0,0.0,3.7
2020-06-29,25.9,69.0,0.0,4.0
2020-06-30,27.9,77.0,0.0,4.9
2020-07-01,28.8,73.0,0.0,7.2
2020-07-02,27.2,67.0,6.3,8.6
2020-07-03,26.0,77.0,0.9,4.9
2020-07-04,27.3,77.0,9.2,3.5
2020-07-05,27.6,77.0,25.1,3.8
2020-07-06,28.7,82.0,2.7,4.3
2020-07-07,26.8,72.0,0.0,6.9
2020-07-08,27.7,79.0,10.7,2.6
2020-07-09,26.2,71.0,0.0,2.3
2020-07-10,27.0,74.0,3.8,6.7
2020-07-11,26.9,80.0,0.0,3.3
2020-07-12,26.1,72.0,2.4,5.9
2020-07-13,28.3,71.0,0.3,6.3
2020-07-14,26.3,79.0,0.0,4.3
2020-07-15,28.5,71.0,0.0,5.3
2020-07-16,28.9,75.0,0.0,3.4
2020-07-17,27.3,81.0,0.0,2.2
2020-07-18,25.7,71.0,0.0,3.6
2020-07-19,26.7,74.0,0.0,3.3
2020-07-20,27.0,76.0,0.0,4.4
2020-07-21,28.1,71.0,15.9,6.3
2020-07-22,28.1,73.0,4.8,2.6
2020-07-23,26.1,80.0,0.0,4.7
2020-07-24,27.7,75.0,0.0,5.0
2020-07-25,26.8,70.0,0.0,6.8
2020-07-26,28.6,85.0,0.5,4.1
2020-07-27,27.6,80.0,0.0,2.7
2020-07-28,29.4,81.0,0.0,4.5
2020-07-29,27.7,78.0,0.0,1.4
2020-07-30,27.5,82.0,0.0,4.6
2020-07-31,26.5,77.0,0.0,4.4
2020-08-01,27.8,84.0,0.0,4.2
2020-08-02,28.3,80.0,6.1,4.9
2020-08-03,28.5,83.0,0.0,2.5
2020-08-04,28.0,75.0,14.4,5.7
2020-08-05,29.6,90.0,0.0,4.2
2020-08-06,28.7,81.0,0.0,6.1
2020-08-07,27.9,76.0,0.0,5.4
2020-08-08,28.9,80.0,12.4,4.4
2020-08-09,29.0,70.0,6.6,4.7
2020-08-10,29.8,82.0,0.0,3.8
2020-08-11,26.8,77.0,0.0,3.7
2020-08-12,29.0,77.0,0.0,2.7
2020-08-13,29.7,76.0,0.0,3.3
2020-08-14,29.9,76.0,0.0,1.4
2020-08-15,27.5,79.0,0.0,6.0
2020-08-16,29.4,78.0,38.7,5.3
2020-08-17,30.2,84.0,12.1,4.2
2020-08-18,29.6,75.0,0.0,3.0
2020-08-19,29.2,84.0,23.9,4.7
2020-08-20,30.6,78.0,0.0,4.6
2020-08-21,29.4,79.0,0.0,5.2
2020-08-22,29.1,72.0,0.0,5.1
2020-08-23,29.0,82.0,0.0,4.6
2020-08-24,29.3,84.0,0.0,6.6
2020-08-25,28.9,78.0,0.0,5.2
2020-08-26,28.6,74.0,23.3,4.5
2020-08-27,30.5,79.0,5.5,4.3
2020-08-28,28.5,79.0,19.9,4.0
2020-08-29,28.3,72.0,0.0,3.9
2020-08-30,27.2,85.0,0.0,6.5
2020-08-31,30.7,73.0,17.1,5.8
2020-09-01,27.1,87.0,30.4,2.8
2020-09-02,28.8,84.0,0.0,3.5
2020-09-03,27.1,85.0,6.3,2.5
2020-09-04,29.8,84.0,0.0,1.7
2020-09-05,29.5,82.0,117.5,4.0
2020-09-06,29.5,84.0,0.0,
2020-09-07,31.1,84.0,0.0,4.2
2020-09-08,28.8,81.0,44.4,5.6
2020-09-09,30.3,79.0,32.2,4.8
2020-09-10,29.6,79.0,0.0,6.8
2020-09-11,29.4,81.0,0.0,6.0
2020-09-12,28.1,81.0,5.9,4.2
2020-09-13,28.5,74.0,0.0,4.2
2020-09-14,29.1,75.0,0.0,3.0
2020-09-15,29.1,81.0,0.0,5.7
2020-09-16,28.5,83.0,55.6,2.4
2020-09-17,29.0,84.0,11.0,4.5
2020-09-18,27.5,78.0,0.0,4.5
2020-09-19,29.1,82.0,7.9,5.2
2020-09-20,28.2,77.0,0.0,2.1
2020-09-21,30.3,81.0,0.1,2.0
2020-09-22,28.4,82.0,9.5,2.4
2020-09-23,28.5,81.0,4.4,2.3
2020-09-24,28.9,88.0,0.0,4.9
2020-09-25,28.0,77.0,0.0,2.7
2020-09-26,29.5,72.0,0.0,2.4
2020-09-27,26.7,79.0,0.0,3.5
2020-09-28,26.5,80.0,0.0,4.7
2020-09-29,28.6,81.0,0.0,
2020-09-30,26.9,85.0,3.3,4.9
2020-10-01,28.6,79.0,0.0,3.4
2020-10-03,29.4,78.0,3.2,8.5
2020-10-04,29.0,79.0,2.4,2.1
2020-10-05,28.5,74.0,10.0,3.3
2020-10-06,29.6,80.0,0.0,6.7
2020-10-07,29.2,79.0,0.0,4.9
2020-10-08,28.6,80.0,0.1,4.8
2020-10-09,29.5,81.0,0.0,6.5
2020-10-10,27.8,80.0,0.0,5.2
2020-10-11,28.7,71.0,0.0,3.1
2020-10-12,,,0.0,5.8
2020-10-13,,,0.0,5.0
2020-10-14,,,11.6,3.6
2020-10-15,,,0.0,4.9
2020-10-16,,,0.0,2.8
2020-10-17,,,0.0,5.5
2020-10-18,,,0.0,2.4
2020-10-19,,,0.0,5.7
2020-10-20,29.6,78.0,0.0,5.5
2020-10-21,28.1,81.0,0.0,2.4
2020-10-22,29.2,80.0,0.0,6.4
2020-10-23,30.0,72.0,0.0,4.2
2020-10-24,26.8,73.0,0.0,5.0
2020-10-25,28.3,58.0,4.4,6.2
2020-10-26,27.1,79.0,0.0,2.2
2020-10-27,27.5,65.0,0.0,1.1
2020-10-28,29.4,69.0,0.0,4.4
2020-10-29,27.4,71.0,5.6,2.9
2020-10-30,27.8,75.0,17.8,3.5
2020-10-31,26.1,78.0,0.0,5.6
2020-11-01,26.5,70.0,0.0,1.0
2020-11-02,28.2,76.0,0.0,3.6
2020-11-03,27.5,70.0,0.0,4.8
2020-11-04,27.1,71.0,0.0,
2020-11-05,27.4,78.0,0.0,5.6
2020-11-06,29.4,74.0,0.0,5.4
2020-11-07,27.3,72.0,0.0,4.6
2020-11-08,26.8,66.0,0.0,5.6
2020-11-09,26.6,75.0,0.0,2.7
2020-11-10,28.0,82.0,0.0,6.6
2020-11-11,26.2,77.0,0.0,5.4
2020-11-12,28.4,71.0,0.0,5.2
2020-11-13,26.9,71.0,0.0,7.2
2020-11-14,27.3,71.0,0.0,7.8
2020-11-15,26.4,70.0,0.0,3.9
2020-11-16,26.5,63.0,0.0,3.1
2020-11-17,27.3,71.0,0.0,4.8
2020-11-18,26.4,74.0,0.0,1.3
2020-11-19,26.9,70.0,0.0,4.4
2020-11-20,25.9,71.0,0.0,3.8
2020-11-21,25.2,70.0,0.0,4.3
2020-11-22,27.1,70.0,0.0,5.8
2020-11-23,24.9,70.0,0.0,6.3
2020-11-24,25.4,66.0,0.0,6.7
2020-11-25,25.6,68.0,0.0,3.4
2020-11-26,25.9,72.0,0.0,5.2
2020-11-27,27.5,72.0,0.0,2.8
2020-11-28,26.6,64.0,0.0,5.9
2020-11-29,24.9,70.0,0.0,3.7
2020-11-30,26.2,72.0,0.0,4.8
2020-12-01,24.2,69.0,0.0,4.5
2020-12-02,25.9,65.0,0.0,6.0
2020-12-03,26.2,68.0,0.0,4.4
2020-12-04,28.2,65.0,0.0,7.1
2020-12-05,26.2,64.0,0.0,6.0
2020-12-06,25.8,67.0,0.0,6.1
2020-12-07,27.6,64.0,0.0,5.8
2020-12-08,24.7,65.0,0.0,5.4
2020-12-09,25.9,69.0,0.0,3.5
2020-12-10,25.0,68.0,0.0,7.0
2020-12-11,25.7,72.0,0.0,5.5
2020-12-12,25.0,67.0,0.0,1.8
2020-12-13,24.9,62.0,0.0,4.6
2020-12-14,24.4,63.0,0.0,2.2
2020-12-15,23.4,69.0,0.0,3.0
2020-12-16,24.6,61.0,9.5,3.3
2020-12-17,22.7,65.0,0.0,4.1
2020-12-18,24.9,58.0,0.0,4.1
2020-12-19,25.2,59.0,0.0,6.9
2020-12-20,23.9,59.0,0.0,5.8
2020-12-21,26.0,64.0,0.0,3.7
2020-12-22,24.3,57.0,0.0,4.5
2020-12-23,23.8,57.0,0.0,4.7
2020-12-24,25.5,60.0,0.0,5.3
2020-12-25,25.6,59.0,0.0,4.8
2020-12-26,25.1,60.0,0.0,2.0
2020-12-27,24.8,59.0,0.0,4.2
2020-12-28,24.4,62.0,0.0,4.9
2020-12-29,25.2,63.0,0.0,
2020-12-30,24.9,60.0,0.0,4.7
2020-12-31,24.5,69.0,0.0,5.2
2021-01-01,22.8,62.0,0.0,
2021-01-02,24.8,58.0,0.0,5.7
2021-01-03,23.0,59.0,0.0,6.8
2021-01-04,23.1,56.0,0.0,7.2
2021-01-05,25.7,61.0,0.0,4.5
2021-01-06,23.0,64.0,0.0,5.1
2021-01-07,23.7,61.0,0.0,8.1
2021-01-08,23.2,66.0,0.0,5.9
2021-01-09,23.2,57.0,0.0,3.6
2021-01-10,24.0,62.0,0.0,6.6
2021-01-11,22.8,56.0,0.0,3.7
2021-01-12,22.9,61.0,0.0,4.7
2021-01-13,23.9,52.0,0.0,6.4
2021-01-14,23.4,69.0,0.0,5.3
2021-01-15,23.2,59.0,0.0,6.3
2021-01-16,21.2,61.0,0.0,3.8
2021-01-17,22.9,59.0,0.0,3.9
2021-01-18,23.7,62.0,0.0,5.5
2021-01-19,20.6,63.0,0.0,8.8
2021-01-20,23.6,63.0,0.0,7.1
2021-01-21,22.8,55.0,0.0,7.0
2021-01-22,23.9,59.0,0.0,4.8
2021-01-23,22.2,58.0,0.0,8.9
2021-01-24,26.1,62.0,0.0,5.2
2021-01-25,23.3,54.0,0.0,7.8
2021-01-26,23.7,58.0,0.0,1.6
2021-01-27,23.9,60.0,0.0,4.8
2021-01-28,23.9,58.0,0.0,5.3
2021-01-29,23.0,60.0,0.0,5.7
2021-01-30,21.5,55.0,0.0,6.1
2021-01-31,23.1,56.0,0.0,7.5
2021-02-01,23.5,56.0,0.0,3.5
2021-02-02,23.1,56.0,0.0,6.1
2021-02-03,22.7,57.0,0.0,5.5
2021-02-04,22.6,54.0,0.0,4.3
2021-02-05,23.5,57.0,0.0,5.7
2021-02-06,23.7,59.0,0.0,5.9
2021-02-07,20.8,62.0,0.0,6.1
2021-02-08,21.8,64.0,0.0,7.2
2021-02-09,22.2,56.0,0.0,5.0
2021-02-10,23.2,65.0,0.0,5.9
2021-02-11,21.4,57.0,0.0,5.2
2021-02-12,23.4,52.0,0.0,5.6
2021-02-13,22.7,56.0,0.0,7.6
2021-02-14,23.1,57.0,0.0,7.3
2021-02-15,24.6,61.0,0.0,3.2
2021-02-16,21.9,56.0,0.0,5.2
2021-02-17,22.6,53.0,0.0,5.5
2021-02-18,21.4,56.0,0.0,3.1
2021-02-19,20.3,54.0,0.0,3.6
2021-02-20,23.2,55.0,0.0,4.3
2021-02-21,22.1,53.0,0.0,6.8
2021-02-22,23.8,54.0,0.0,4.6
2021-02-23,22.1,57.0,0.0,5.8
2021-02-24,23.0,55.0,0.0,6.4
2021-02-25,24.1,51.0,0.0,6.8
2021-02-26,24.3,63.0,0.0,6.4
2021-02-27,20.5,48.0,0.0,5.1
2021-02-28,22.5,53.0,0.0,6.0
2021-03-01,23.3,51.0,0.0,6.6
2021-03-02,22.9,55.0,1.1,6.0
2021-03-03,22.4,61.0,0.0,4.2
2021-03-04,19.9,55.0,0.0,5.6
2021-03-05,22.4,54.0,0.0,7.6
2021-03-06,22.6,58.0,0.0,8.0
2021-03-07,21.0,56.0,0.0,5.5
2021-03-08,21.2,56.0,0.0,6.4
2021-03-09,21.0,58.0,0.0,6.5
2021-03-10,23.5,48.0,0.0,5.7
2021-03-11,21.6,58.0,0.0,4.0
2021-03-12,22.5,57.0,0.0,5.1
2021-03-13,23.3,57.0,0.0,5.3
2021-03-14,21.2,55.0,0.0,4.9
2021-03-16,20.3,59.0,0.0,4.9
2021-03-17,21.3,59.0,0.0,4.9
2021-03-18,22.9,52.0,0.0,4.3
2021-03-19,21.6,61.0,0.0,5.6
2021-03-20,22.3,58.0,0.0,7.0
2021-03-21,23.3,56.0,0.0,5.6
2021-03-22,21.9,53.0,0.0,6.1
2021-03-23,23.4,59.0,0.0,4.2
2021-03-24,21.3,58.0,0.0,4.2
2021-03-25,22.7,49.0,0.0,3.3
2021-03-26,24.3,60.0,0.0,5.4
2021-03-27,19.7,56.0,0.0,5.5
2021-03-28,22.3,61.0,0.0,4.9
2021-03-29,23.1,61.0,0.0,6.8
2021-03-30,21.3,63.0,0.0,3.0
2021-03-31,21.3,56.0,0.0,7.2
2021-04-01,21.6,64.0,0.0,6.4
2021-04-02,22.1,65.0,0.0,7.2
2021-04-03,22.0,57.0,0.0,4.5
2021-04-04,21.3,64.0,0.0,5.0
2021-04-05,22.5,60.0,0.0,3.9
2021-04-06,24.1,57.0,0.0,3.1
2021-04-07,21.9,59.0,0.0,4.3
2021-04-08,21.6,59.0,0.0,7.4
2021-04-09,22.1,56.0,0.0,4.6
2021-04-10,23.7,53.0,0.0,6.7
2021-04-11,22.1,57.0,0.0,4.1
2021-04-12,22.1,65.0,0.0,6.4
2021-04-13,21.8,59.0,0.0,5.7
2021-04-14,22.6,63.0,0.0,5.4
2021-04-15,21.8,67.0,0.0,4.1
2021-04-16,21.9,55.0,0.0,4.2
2021-04-17,22.5,61.0,0.0,6.0
2021-04-18,23.1,52.0,0.0,5.8
2021-04-19,22.2,61.0,0.0,4.3
2021-04-20,21.3,59.0,0.0,6.9
2021-04-21,24.0,52.0,0.0,5.6
2021-04-22,24.0,61.0,0.0,6.4
2021-04-23,24.3,56.0,0.0,5.6
2021-04-24,23.4,64.0,0.0,5.3
2021-04-25,21.7,57.0,0.0,6.2
2021-04-26,25.1,60.0,0.0,7.2
2021-04-27,22.8,59.0,0.0,4.4
2021-04-28,24.5,56.0,0.0,5.6
2021-04-29,22.8,63.0,0.0,5.1
2021-04-30,23.4,62.0,0.0,6.3
2021-05-01,22.3,65.0,0.0,4.2
2021-05-02,22.7,64.0,0.0,6.1
2021-05-03,24.0,66.0,0.0,6.0
2021-05-04,23.6,66.0,0.0,2.6
2021-05-05,22.8,63.0,0.0,5.0
2021-05-06,23.4,61.0,0.0,4.3
2021-05-07,22.9,60.0,0.0,4.8
2021-05-08,23.4,66.0,0.0,4.7
2021-05-09,23.9,66.0,0.0,3.6
2021-05-10,23.8,65.0,0.0,4.6
2021-05-11,23.5,62.0,0.0,1.8
2021-05-12,23.4,62.0,0.0,5.7
2021-05-13,23.9,62.0,0.0,5.9
2021-05-14,-99.0,69.0,0.0,5.9
2021-05-15,22.1,73.0,0.0,4.4
2021-05-16,24.4,64.0,0.0,3.8
2021-05-17,24.8,61.0,0.0,3.4
2021-05-18,23.6,65.0,0.0,3.5
2021-05-19,25.2,67.0,0.0,8.3
2021-05-20,24.6,68.0,0.0,4.3
2021-05-21,24.1,65.0,0.0,5.1
2021-05-22,23.3,69.0,0.0,3.9
2021-05-23,25.3,65.0,0.0,4.9
2021-05-24,25.8,71.0,0.0,5.6
2021-05-25,24.9,67.0,0.0,5.7
2021-05-26,24.4,67.0,0.0,7.6
2021-05-27,23.5,65.0,0.0,4.8
2021-05-28,24.6,66.0,0.0,5.2
2021-05-29,23.7,63.0,0.0,2.8
2021-05-30,26.1,73.0,0.0,3.0
2021-05-31,24.2,61.0,0.0,4.1
2021-06-01,25.6,65.0,0.0,7.5
2021-06-02,24.6,73.0,0.0,6.6
2021-06-03,25.5,66.0,0.0,5.2
2021-06-04,24.3,70.0,0.0,3.5
2021-06-05,24.2,62.0,0.0,3.3
2021-06-06,25.8,70.0,0.0,5.3
2021-06-07,26.7,71.0,0.0,4.2
2021-06-08,25.2,74.0,0.0,4.6
2021-06-09,25.5,69.0,0.0,4.6
2021-06-10,23.3,71.0,0.0,7.2
2021-06-11,27.3,77.0,0.0,4.7
2021-06-12,24.6,74.0,0.0,5.1
2021-06-13,22.5,75.0,0.0,4.3
2021-06-14,24.6,75.0,0.0,6.1
2021-06-15,26.0,71.0,0.0,3.3
2021-06-16,25.1,84.0,0.0,5.6
2021-06-17,24.7,77.0,0.0,3.2
2021-06-18,25.2,75.0,0.0,3.4
2021-06-19,25.3,75.0,0.0,3.0
2021-06-20,26.7,68.0,0.0,3.9
2021-06-21,26.8,66.0,0.0,4.7
2021-06-22,26.2,68.0,0.0,5.2
2021-06-23,26.1,66.0,0.0,4.0
2021-06-24,26.1,69.0,0.0,4.6
2021-06-25,26.4,71.0,0.0,4.1
2021-06-26,27.5,68.0,0.0,7.1
2021-06-27,27.9,75.0,0.0,4.2
2021-06-28,25.6,72.0,0.0,4.0
2021-06-29,26.2,73.0,0.0,4.3
2021-06-30,26.8,74.0,0.0,4.0
2021-07-01,27.0,70.0,10.6,3.5
2021-07-02,25.5,71.0,3.6,5.8
2021-07-03,27.7,64.0,1.3,7.7
2021-07-04,25.4,68.0,0.0,5.1
2021-07-05,26.3,69.0,0.0,4.6
2021-07-06,26.8,75.0,0.0,3.8
2021-07-07,25.6,75.0,0.0,6.0
2021-07-08,27.3,75.0,0.0,5.1
2021-07-09,28.1,78.0,1.4,5.0
2021-07-10,27.3,71.0,0.0,2.2
2021-07-11,27.4,78.0,0.0,3.5
2021-07-12,28.5,77.0,0.0,5.7
2021-07-13,29.0,82.0,4.6,6.1
2021-07-14,25.9,72.0,0.0,6.8
2021-07-15,27.6,79.0,8.8,2.9
2021-07-16,27.6,74.0,0.0,5.0
2021-07-17,28.3,75.0,0.0,3.7
2021-07-18,28.9,83.0,19.9,3.0
2021-07-19,28.3,77.0,0.0,2.7
2021-07-20,27.0,72.0,23.4,3.7
2021-07-21,29.6,76.0,19.8,4.1
2021-07-22,28.5,77.0,24.3,1.7
2021-07-23,27.4,84.0,0.5,4.1
2021-07-24,28.8,78.0,0.0,3.7
2021-07-25,29.7,79.0,0.0,2.8
2021-07-26,29.5,74.0,0.0,5.4
2021-07-27,26.8,81.0,0.0,4.7
2021-07-28,27.4,77.0,0.0,5.2
2021-07-29,29.5,76.0,0.0,5.2
2021-07-30,29.1,76.0,6.9,2.6
2021-07-31,26.8,82.0,0.0,2.5
2021-08-01,28.1,77.0,0.0,1.6
2021-08-02,27.8,77.0,0.0,5.4
2021-08-03,26.6,85.0,0.0,5.6
2021-08-04,27.5,77.0,0.0,5.6
2021-08-05,29.3,78.0,0.0,4.4
2021-08-06,26.8,86.0,0.0,5.0
2021-08-07,29.2,79.0,29.8,4.4
2021-08-08,29.2,78.0,0.0,5.2
2021-08-09,28.6,85.0,0.0,6.2
2021-08-10,28.9,71.0,0.0,4.0
2021-08-11,28.7,78.0,0.0,4.6
2021-08-12,29.0,86.0,0.8,2.7
2021-08-13,29.3,72.0,0.0,6.1
2021-08-14,27.8,74.0,16.3,5.6
2021-08-15,30.1,74.0,0.0,3.9
2021-08-16,28.4,78.0,0.0,5.8
2021-08-17,27.9,80.0,2.3,3.2
2021-08-18,29.7,72.0,1.8,5.1
2021-08-19,28.3,74.0,0.0,4.2
2021-08-20,29.7,78.0,2.2,3.2
2021-08-21,28.1,85.0,0.0,3.0
2021-08-22,30.3,75.0,0.0,1.9
2021-08-23,30.8,78.0,0.0,7.5
2021-08-24,30.0,72.0,0.1,3.9
2021-08-25,28.8,85.0,0.0,5.5
2021-08-26,29.4,79.0,0.0,2.4
2021-08-27,26.9,72.0,0.0,3.8
2021-08-28,28.4,79.0,15.9,2.6
2021-08-29,29.2,80.0,0.0,1.9
2021-08-30,30.2,76.0,32.4,5.6
2021-08-31,28.6,89.0,0.0,5.0
2021-09-01,29.5,83.0,40.3,3.6
2021-09-02,29.7,81.0,14.2,3.6
2021-09-03,27.3,74.0,0.0,4.6
2021-09-04,30.4,79.0,0.6,2.4
2021-09-05,28.9,77.0,0.0,2.8
2021-09-06,29.1,73.0,0.0,3.3
2021-09-07,29.8,82.0,0.0,6.1
2021-09-08,28.1,82.0,0.0,3.4
2021-09-09,28.3,77.0,0.0,7.4
2021-09-10,29.4,81.0,12.7,4.1
2021-09-11,30.4,79.0,7.6,3.4
2021-09-12,27.7,78.0,0.0,4.0
2021-09-13,29.8,84.0,2.7,0.9
2021-09-14,29.1,82.0,0.0,3.2
2021-09-15,27.6,81.0,0.0,7.1
2021-09-16,27.9,80.0,0.0,1.6
2021-09-17,26.5,76.0,0.0,4.8
2021-09-18,28.4,86.0,6.2,3.8
2021-09-19,29.4,75.0,0.0,3.6
2021-09-20,30.9,76.0,0.0,5.1
2021-09-21,29.0,79.0,0.0,2.4
2021-09-22,27.9,78.0,0.0,5.1
2021-09-23,28.5,80.0,0.0,4.5
2021-09-24,28.0,82.0,6.6,5.9
2021-09-25,28.1,82.0,5.5,5.3
2021-09-26,28.2,78.0,0.0,3.3
2021-09-27,27.2,74.0,0.0,3.9
2021-09-28,28.6,77.0,0.0,4.7
2021-09-29,27.8,74.0,0.0,3.1
2021-09-30,27.3,77.0,0.0,3.0
2021-10-01,29.0,74.0,0.0,3.2
2021-10-02,27.0,79.0,0.0,2.2
2021-10-04,29.0,76.0,0.0,3.7
2021-10-05,29.0,82.0,0.0,7.8
2021-10-06,28.5,75.0,0.0,4.3
2021-10-07,29.1,79.0,0.0,7.2
2021-10-08,29.3,75.0,0.0,4.5
2021-10-09,28.3,84.0,0.0,6.1
2021-10-10,26.4,72.0,0.0,5.1
2021-10-11,27.8,76.0,82.9,4.2
2021-10-12,30.3,78.0,0.0,4.9
2021-10-13,28.9,76.0,0.0,3.3
2021-10-14,28.4,80.0,5.3,5.9
2021-10-15,28.8,82.0,0.0,3.1
2021-10-16,29.0,72.0,0.0,3.0
2021-10-17,27.9,78.0,16.0,3.5
2021-10-18,28.3,78.0,0.0,5.0
2021-10-20,27.8,74.0,0.0,4.9
2021-10-21,28.4,71.0,39.3,3.4
2021-10-22,27.9,82.0,0.0,4.4
2021-10-23,28.3,79.0,0.0,5.1
2021-10-24,28.7,74.0,0.0,6.9
2021-10-25,28.8,76.0,0.0,5.3
2021-10-26,28.7,82.0,0.0,6.5
2021-10-27,28.7,72.0,9.9,3.8
2021-10-28,26.0,68.0,0.0,4.3
2021-10-29,31.0,71.0,0.0,3.3
2021-10-30,27.7,73.0,0.0,7.8
2021-10-31,26.4,72.0,0.0,4.7
2021-11-01,26.0,74.0,0.0,5.3
2021-11-02,28.6,82.0,0.0,6.3
2021-11-03,27.6,75.0,0.0,5.6
2021-11-04,26.8,72.0,0.0,5.8
2021-11-05,29.5,79.0,0.0,4.7
2021-11-06,27.2,69.0,0.0,3.5
2021-11-07,26.9,76.0,0.0,2.5
2021-11-08,26.3,68.0,0.0,5.0
2021-11-09,28.2,69.0,0.0,3.7
2021-11-10,27.8,69.0,0.0,3.8
2021-11-11,26.0,74.0,0.0,5.3
2021-11-12,28.1,73.0,0.0,6.8
2021-11-13,27.5,68.0,0.0,3.1
2021-11-14,28.7,74.0,0.0,3.7
2021-11-15,26.3,81.0,0.0,3.6
2021-11-16,26.0,75.0,0.0,5.6
2021-11-17,27.1,70.0,0.0,3.4
2021-11-18,25.7,67.0,0.0,5.3
2021-11-19,27.2,76.0,0.0,5.7
2021-11-20,26.5,67.0,0.0,3.4
2021-11-21,28.1,65.0,0.0,1.8
2021-11-22,26.3,67.0,0.0,2.8
2021-11-23,27.1,70.0,0.0,4.1
2021-11-24,27.1,67.0,0.0,8.0
2021-11-25,26.0,67.0,0.0,2.6
2021-11-27,26.9,68.0,0.0,5.5
2021-11-28,26.2,74.0,0.0,3.8
2021-11-29,27.5,67.0,0.0,3.9
2021-11-30,26.4,68.0,0.0,2.2
2021-12-01,26.3,65.0,0.0,4.9
2021-12-02,26.8,62.0,0.0,7.2
2021-12-03,24.4,68.0,0.0,5.1
2021-12-04,26.7,71.0,0.0,6.1
2021-12-05,23.8,66.0,0.0,3.3
2021-12-06,24.6,63.0,0.0,2.2
2021-12-07,24.9,60.0,0.0,2.8
2021-12-08,26.7,62.0,0.0,7.3
2021-12-09,26.0,63.0,0.0,4.0
2021-12-10,27.5,68.0,0.0,7.6
2021-12-11,25.9,58.0,0.0,5.0
2021-12-12,26.0,64.0,0.0,2.7
2021-12-13,25.1,62.0,0.0,4.6
2021-12-14,24.3,60.0,0.0,3.5
2021-12-15,22.9,70.0,0.0,6.1
2021-12-16,25.2,69.0,0.0,7.2
2021-12-17,24.0,61.0,0.0,4.6
2021-12-18,27.3,68.0,0.0,1.5
2021-12-19,26.6,65.0,0.0,5.3
2021-12-20,26.9,75.0,0.0,7.2
2021-12-21,24.5,57.0,0.0,5.2
2021-12-22,26.4,63.0,0.0,2.9
2021-12-23,25.7,61.0,0.0,1.6
2021-12-24,22.2,66.0,0.0,4.4
2021-12-25,24.2,58.0,0.0,0.7
2021-12-26,23.8,63.0,0.0,4.8
2021-12-27,24.1,63.0,0.0,4.4
2021-12-28,25.2,66.0,0.0,2.2
2021-12-29,22.2,62.0,0.0,6.0
2021-12-30,25.1,58.0,0.0,3.7
2021-12-31,25.0,60.0,0.0,3.7
2022-01-01,25.3,65.0,0.0,6.1
2022-01-02,23.4,55.0,0.0,3.3
2022-01-03,24.6,62.0,0.0,3.3
2022-01-04,23.9,58.0,0.0,1.6
2022-01-05,24.0,63.0,0.0,6.1
2022-01-06,24.9,72.0,0.0,7.2
2022-01-07,24.0,63.0,0.0,5.5
2022-01-08,24.1,61.0,0.0,6.6
2022-01-09,25.3,62.0,0.0,7.4
2022-01-10,21.1,64.0,0.0,4.3
2022-01-11,22.9,62.0,0.0,6.3
2022-01-12,24.4,59.0,0.0,4.7
2022-01-13,24.0,60.0,0.0,4.7
2022-01-14,23.7,62.0,0.0,4.4
2022-01-15,24.6,68.0,0.0,5.1
2022-01-16,22.8,61.0,0.0,6.7
2022-01-17,24.5,56.0,0.0,5.2
2022-01-18,23.5,56.0,0.0,5.9
2022-01-19,21.9,56.0,0.0,5.9
2022-01-20,23.6,61.0,0.0,8.6
2022-01-21,22.2,56.0,0.0,2.8
2022-01-22,22.9,60.0,0.0,6.5
2022-01-23,23.8,69.0,0.0,6.9
2022-01-24,22.2,53.0,0.0,5.1
2022-01-25,23.0,62.0,0.0,4.6
2022-01-26,23.0,60.0,0.0,6.8
2022-01-27,23.8,54.0,0.0,6.5
2022-01-28,22.6,60.0,0.0,6.6
2022-01-29,21.0,52.0,0.0,5.8
2022-01-30,23.9,56.0,0.0,5.1
2022-01-31,23.9,59.0,0.0,5.6
2022-02-01,22.1,56.0,0.0,10.3
2022-02-02,23.5,51.0,0.0,7.5
2022-02-03,21.9,62.0,0.0,5.7
2022-02-04,22.7,57.0,0.0,6.1
2022-02-05,23.6,58.0,0.0,4.6
2022-02-06,20.8,47.0,0.0,4.9
2022-02-07,23.7,55.0,0.0,5.3
2022-02-08,22.1,61.0,0.0,6.4
2022-02-09,21.4,63.0,0.0,5.6
2022-02-10,23.5,60.0,0.0,6.0
2022-02-11,22.1,55.0,0.0,4.9
2022-02-12,22.8,56.0,0.0,5.7
2022-02-13,21.4,49.0,0.0,5.4
2022-02-14,22.8,55.0,0.0,6.2
2022-02-15,23.0,57.0,0.0,5.6
2022-02-16,21.6,55.0,0.0,5.2
2022-02-17,22.7,53.0,0.0,5.0
2022-02-18,20.8,56.0,0.0,4.8
2022-02-19,23.5,56.0,0.0,5.7
2022-02-20,22.4,56.0,0.0,5.4
2022-02-21,22.7,55.0,0.0,3.6
2022-02-22,22.5,60.0,0.0,4.0
2022-02-23,22.0,56.0,0.0,6.7
2022-02-24,23.3,58.0,0.0,5.3
2022-02-25,22.3,60.0,0.0,6.0
2022-02-26,24.3,51.0,0.0,3.5
2022-02-27,23.3,59.0,0.0,5.1
2022-02-28,20.7,63.0,0.0,4.4
2022-03-01,22.5,59.0,0.0,6.1
2022-03-02,21.7,58.0,0.0,5.9
2022-03-03,23.5,52.0,0.0,6.5
2022-03-04,21.7,59.0,0.0,2.7
2022-03-05,22.7,58.0,0.0,3.8
2022-03-06,22.9,63.0,0.0,4.6
2022-03-07,18.7,58.0,0.0,5.6
2022-03-08,21.8,59.0,0.0,4.2
2022-03-09,23.6,60.0,0.0,4.8
2022-03-10,22.2,55.0,0.0,7.2
2022-03-11,22.2,60.0,0.0,6.0
2022-03-12,22.4,59.0,0.0,6.4
2022-03-13,21.8,54.0,0.0,7.3
2022-03-14,22.8,62.0,0.0,5.0
2022-03-15,20.8,57.0,0.0,5.9
2022-03-17,22.6,51.0,0.0,5.0
2022-03-18,23.7,59.0,0.0,6.8
2022-03-19,21.8,57.0,0.0,6.7
2022-03-20,22.9,42.0,0.0,7.5
2022-03-21,21.8,56.0,0.0,5.1
2022-03-22,23.0,57.0,0.0,4.8
2022-03-23,22.0,55.0,0.0,5.3
2022-03-24,22.5,65.0,0.0,7.7
2022-03-25,23.3,54.0,0.0,5.9
2022-03-26,21.9,51.0,0.0,3.4
2022-03-27,21.4,61.0,0.0,3.3
2022-03-28,20.6,61.0,0.0,2.8
2022-03-29,22.9,61.0,0.0,5.7
2022-03-30,22.8,59.0,0.0,8.3
2022-03-31,23.3,59.0,0.0,7.1
2022-04-01,22.3,55.0,0.0,4.1
2022-04-02,19.6,58.0,0.0,2.9
2022-04-03,22.0,59.0,0.0,6.8
2022-04-04,-99.0,59.0,0.0,4.2
2022-04-05,23.5,65.0,0.0,7.1
2022-04-06,23.1,66.0,0.0,4.0
2022-04-07,22.5,62.0,0.0,5.1
2022-04-08,24.5,61.0,0.0,4.8
2022-04-09,23.2,54.0,0.0,5.1
2022-04-10,20.6,58.0,0.0,5.2
2022-04-11,24.9,54.0,0.0,6.7
2022-04-12,22.9,62.0,0.0,6.1
2022-04-13,22.3,59.0,0.0,3.0
2022-04-14,22.8,58.0,0.0,8.8
2022-04-15,24.6,59.0,0.0,5.1
2022-04-16,,,0.0,9.1
2022-04-17,,,0.0,7.0
2022-04-18,,,0.0,7.6
2022-04-19,,,0.0,6.1
2022-04-20,,,0.0,5.3
2022-04-21,,,0.0,6.5
2022-04-22,22.7,59.0,0.0,4.5
2022-04-23,21.1,69.0,0.0,7.3
2022-04-24,23.3,59.0,0.0,6.6
2022-04-25,25.0,69.0,0.0,5.8
2022-04-26,25.4,64.0,0.0,5.3
2022-04-27,25.0,69.0,0.0,5.9
2022-04-28,23.0,57.0,0.0,4.3
2022-04-29,23.1,63.0,0.0,6.7
2022-04-30,23.3,60.0,0.0,7.5
2022-05-01,25.3,65.0,0.0,6.8
2022-05-02,23.5,62.0,0.0,3.6
2022-05-03,23.4,64.0,0.0,4.9
2022-05-04,23.2,58.0,0.0,3.8
2022-05-05,23.8,65.0,0.0,4.8
2022-05-06,25.7,63.0,0.0,2.0
2022-05-07,24.0,58.0,0.0,6.0
2022-05-08,23.7,64.0,0.0,3.7
2022-05-09,24.1,62.0,0.0,5.3
2022-05-11,23.4,66.0,0.0,4.8
2022-05-12,24.3,61.0,0.0,5.4
2022-05-13,24.3,64.0,0.0,3.3
2022-05-14,23.7,63.0,0.0,3.2
2022-05-15,23.1,65.0,0.0,4.4
2022-05-16,25.1,64.0,0.0,3.2
2022-05-17,23.6,70.0,0.0,4.7
2022-05-18,23.8,65.0,1.2,3.3
2022-05-19,24.7,66.0,0.0,5.2
2022-05-20,23.0,64.0,0.0,5.7
2022-05-21,24.2,69.0,0.0,6.4
2022-05-22,24.6,66.0,0.0,4.9
2022-05-23,23.6,65.0,0.0,1.7
2022-05-24,25.5,62.0,0.0,3.6
2022-05-25,25.1,73.0,0.0,3.8
2022-05-26,24.6,59.0,0.0,4.2
2022-05-27,24.6,61.0,0.0,6.6
2022-05-28,25.5,63.0,0.0,5.8
2022-05-29,24.6,69.0,0.0,1.7
2022-05-30,25.6,64.0,0.0,7.3
2022-05-31,25.0,59.0,0.0,4.8
2022-06-01,26.8,67.0,0.0,1.6
2022-06-02,24.8,69.0,0.0,6.4
2022-06-03,26.1,71.0,0.0,2.5
2022-06-04,24.6,63.0,0.0,5.3
2022-06-05,24.9,72.0,0.0,5.1
2022-06-06,26.2,59.0,0.0,2.6
2022-06-07,25.1,75.0,0.0,5.2
2022-06-08,25.2,70.0,0.0,8.4
2022-06-09,25.6,73.0,0.0,6.0
2022-06-10,25.8,65.0,0.0,6.8
2022-06-11,25.7,64.0,0.0,4.3
2022-06-12,22.9,75.0,0.0,6.4
2022-06-13,27.1,70.0,0.0,4.8
2022-06-14,25.1,70.0,0.0,4.6
2022-06-15,27.7,75.0,0.0,4.0
2022-06-16,23.6,75.0,0.0,3.7
2022-06-17,24.7,69.0,0.0,4.5
2022-06-18,26.2,81.0,0.0,2.9
2022-06-19,26.3,77.0,0.0,2.7
2022-06-20,26.2,70.0,0.0,
2022-06-22,26.7,73.0,0.0,4.3
2022-06-23,27.3,72.0,0.0,4.9
2022-06-24,26.4,74.0,0.0,3.2
2022-06-25,25.7,73.0,0.0,4.4
2022-06-26,27.1,70.0,0.0,3.8
2022-06-27,26.2,65.0,0.0,7.0
2022-06-28,29.3,78.0,0.0,2.2
2022-06-29,27.9,77.0,0.0,3.3
2022-06-30,26.6,75.0,0.0,6.4
2022-07-01,26.3,79.0,5.2,4.5
2022-07-02,29.2,77.0,0.0,7.0
2022-07-03,26.4,75.0,2.0,4.7
2022-07-04,25.2,70.0,0.0,3.0
2022-07-05,25.5,74.0,0.0,5.4
2022-07-06,28.0,66.0,0.0,3.3
2022-07-07,27.7,74.0,0.0,2.4
2022-07-08,26.6,74.0,2.0,3.8
2022-07-09,26.5,86.0,3.4,3.5
2022-07-10,27.5,82.0,1.5,4.9
2022-07-11,28.1,79.0,0.0,3.7
2022-07-12,27.3,78.0,0.0,4.4
2022-07-13,27.5,76.0,0.0,4.2
2022-07-14,26.6,87.0,0.0,3.4
2022-07-15,26.9,75.0,0.0,5.7
2022-07-16,27.7,72.0,0.0,3.8
2022-07-17,27.0,77.0,0.0,6.5
2022-07-18,28.1,85.0,3.0,5.3
2022-07-19,26.4,84.0,0.0,3.6
2022-07-20,27.4,73.0,0.0,3.0
2022-07-21,26.7,74.0,16.2,5.3
2022-07-22,28.2,76.0,0.0,4.4
2022-07-23,28.1,81.0,0.0,5.9
2022-07-24,27.9,76.0,0.0,4.4
2022-07-25,27.1,83.0,0.0,4.5
2022-07-26,27.6,82.0,0.0,5.8
2022-07-27,29.5,76.0,0.0,3.2
2022-07-28,27.7,75.0,11.8,4.7
2022-07-29,27.6,74.0,0.0,4.9
2022-07-30,27.3,89.0,0.0,1.5
2022-07-31,29.6,74.0,0.0,6.5
2022-08-01,29.6,72.0,1.9,5.6
2022-08-02,28.7,81.0,24.7,3.0
2022-08-03,27.5,74.0,0.0,5.6
2022-08-04,27.7,76.0,7.5,3.7
2022-08-05,27.8,85.0,0.0,6.2
2022-08-06,28.1,86.0,2.2,3.8
2022-08-07,28.0,78.0,0.0,3.4
2022-08-08,28.2,77.0,6.8,4.1
2022-08-09,29.2,75.0,0.0,3.6
2022-08-10,28.6,80.0,24.3,1.9
2022-08-11,29.8,80.0,0.0,4.9
2022-08-12,29.8,74.0,24.0,3.0
2022-08-13,29.0,77.0,0.0,1.3
2022-08-14,27.5,79.0,17.2,3.9
2022-08-15,28.6,82.0,0.0,
2022-08-16,29.5,85.0,0.0,3.6
2022-08-17,29.5,78.0,0.0,4.5
2022-08-18,27.5,75.0,3.7,
2022-08-19,29.0,84.0,5.8,5.5
2022-08-20,27.9,83.0,0.0,4.9
2022-08-21,28.1,84.0,0.0,3.7
2022-08-22,29.0,85.0,0.0,4.5
2022-08-23,28.2,77.0,0.0,5.2
2022-08-24,28.8,84.0,0.0,3.4
2022-08-25,29.2,80.0,0.0,5.6
2022-08-27,30.1,81.0,0.0,3.8
2022-08-28,29.3,80.0,0.0,5.2
2022-08-29,27.9,81.0,1.6,5.7
2022-08-30,,,23.8,3.3
2022-08-31,,,0.0,3.8
2022-09-01,,,0.0,3.5
2022-09-02,,,0.0,7.2
2022-09-03,,,0.0,3.6
2022-09-04,,,0.0,3.9
2022-09-05,28.5,85.0,0.0,1.9
2022-09-06,28.6,77.0,14.9,7.1
2022-09-07,27.5,82.0,1.1,1.4
2022-09-08,30.1,80.0,0.8,6.0
2022-09-09,28.5,73.0,0.0,5.2
2022-09-10,30.8,69.0,0.0,1.9
2022-09-11,28.2,84.0,0.0,6.0
2022-09-12,28.4,77.0,0.0,6.4
2022-09-13,27.9,83.0,2.5,5.8
2022-09-14,29.6,82.0,0.0,3.6
2022-09-15,28.6,79.0,12.8,6.8
2022-09-16,29.1,74.0,0.0,5.3
2022-09-17,29.1,72.0,0.0,6.0
2022-09-18,29.8,78.0,0.0,6.6
2022-09-19,29.7,82.0,0.0,4.0
2022-09-20,27.1,73.0,0.0,3.9
2022-09-21,29.0,77.0,0.2,4.0
2022-09-22,29.6,77.0,0.0,2.4
2022-09-23,30.9,77.0,0.0,5.0
2022-09-24,30.0,78.0,0.0,5.9
2022-09-25,30.0,76.0,0.0,5.0
2022-09-26,30.1,80.0,0.3,4.8
2022-09-27,29.6,77.0,0.0,8.2
2022-09-28,28.3,85.0,0.0,4.3
2022-09-29,29.4,82.0,0.0,2.5
2022-09-30,28.4,77.0,0.0,4.5
2022-10-01,29.9,76.0,8.2,3.3
2022-10-02,28.6,80.0,0.6,3.9
2022-10-03,28.7,77.0,0.0,4.6
2022-10-04,29.3,74.0,10.5,3.7
2022-10-05,29.5,78.0,0.0,3.1
2022-10-06,28.7,73.0,0.0,4.6
2022-10-07,28.5,77.0,15.8,4.5
2022-10-08,28.6,80.0,0.0,5.4
2022-10-09,27.4,74.0,0.0,4.1
2022-10-10,29.9,76.0,0.0,5.0
2022-10-11,28.3,74.0,0.0,7.1
2022-10-12,30.7,77.0,0.0,5.3
2022-10-13,27.6,78.0,0.0,4.0
2022-10-14,29.6,80.0,0.0,3.5
2022-10-15,29.0,79.0,0.0,1.6
2022-10-16,30.5,79.0,1.2,7.4
2022-10-17,29.4,74.0,0.0,2.2
2022-10-18,30.2,76.0,0.0,5.5
2022-10-19,28.1,78.0,0.0,2.2
2022-10-20,26.2,76.0,39.1,6.0
2022-10-21,28.8,74.0,9.5,2.6
2022-10-22,26.9,74.0,0.0,3.8
2022-10-23,26.9,74.0,18.0,6.2
2022-10-24,27.6,78.0,30.8,4.1
2022-10-25,28.1,77.0,5.0,4.9
2022-10-26,29.8,77.0,4.0,5.1
2022-10-27,28.5,73.0,3.6,3.2
2022-10-28,26.9,73.0,4.7,5.0
2022-10-29,28.6,66.0,0.3,5.3
2022-10-30,27.6,71.0,0.0,6.1
2022-10-31,28.5,77.0,10.6,7.9
2022-11-01,26.6,77.0,0.0,3.8
2022-11-02,26.0,77.0,0.0,6.8
2022-11-03,29.5,76.0,0.0,6.6
2022-11-04,28.2,73.0,0.0,5.5
2022-11-05,27.0,67.0,0.0,4.5
2022-11-06,27.9,77.0,0.0,6.8
2022-11-07,28.3,75.0,0.0,4.1
2022-11-08,27.0,69.0,0.0,3.0
2022-11-09,26.5,72.0,0.0,3.2
2022-11-10,27.7,67.0,0.0,2.9
2022-11-11,24.4,65.0,0.0,6.8
2022-11-12,26.7,69.0,0.0,7.6
2022-11-13,25.8,66.0,0.0,4.5
2022-11-14,26.0,73.0,0.0,6.1
2022-11-15,27.1,65.0,0.0,3.9
2022-11-16,25.5,72.0,0.0,6.0
2022-11-17,26.4,77.0,0.0,4.0
2022-11-18,28.0,71.0,0.0,7.9
2022-11-19,26.7,65.0,0.0,0.7
2022-11-20,26.5,71.0,0.0,4.6
2022-11-21,23.7,69.0,0.0,5.6
2022-11-22,27.3,69.0,0.0,2.7
2022-11-23,24.9,74.0,0.0,4.9
2022-11-24,26.6,65.0,0.0,3.8
2022-11-25,26.8,76.0,0.0,4.5
2022-11-26,25.7,65.0,0.0,4.7
2022-11-28,24.4,66.0,0.0,5.2
2022-11-29,25.5,69.0,0.0,4.6
2022-11-30,24.6,72.0,0.0,2.1
2022-12-01,26.4,59.0,0.0,4.1
2022-12-02,27.0,78.0,0.0,1.9
2022-12-03,27.2,70.0,0.0,5.3
2022-12-04,26.5,72.0,0.0,2.9
2022-12-05,26.0,64.0,0.0,5.0
2022-12-06,25.6,70.0,0.0,1.8
2022-12-07,25.6,65.0,0.0,3.8
2022-12-08,25.7,66.0,0.0,4.5
2022-12-09,25.0,65.0,0.0,5.1
2022-12-10,26.3,65.0,0.0,4.8
2022-12-11,25.6,66.0,0.0,3.6
2022-12-12,26.7,72.0,0.0,3.4
2022-12-13,26.7,71.0,0.0,5.3
2022-12-14,25.3,72.0,0.0,3.4
2022-12-15,25.1,74.0,0.0,3.4
2022-12-16,25.9,73.0,0.0,3.0
2022-12-17,26.0,65.0,0.0,1.5
2022-12-18,25.3,62.0,0.0,4.1
2022-12-19,24.2,63.0,0.0,9.1
2022-12-20,22.5,59.0,0.0,6.9
2022-12-21,23.2,61.0,0.0,5.3
2022-12-22,25.7,60.0,0.0,4.5
2022-12-23,24.8,64.0,0.0,3.3
2022-12-24,25.1,63.0,0.0,3.5
2022-12-25,24.3,60.0,0.0,7.2
2022-12-26,24.7,61.0,0.0,
2022-12-27,23.9,66.0,0.0,8.2
2022-12-28,23.3,61.0,0.0,3.9
2022-12-29,24.0,63.0,0.0,4.7
2022-12-30,24.2,59.0,0.0,5.7
2022-12-31,24.1,63.0,0.0,2.9
2023-01-01,23.6,58.0,0.0,5.9
2023-01-02,23.7,64.0,0.0,5.8
2023-01-03,24.9,61.0,0.0,7.1
2023-01-04,22.7,51.0,0.0,4.8
2023-01-05,23.6,53.0,0.0,6.2
2023-01-06,22.4,57.0,0.0,4.6
2023-01-07,24.0,63.0,0.0,3.9
2023-01-08,24.2,59.0,0.0,2.7
2023-01-09,22.3,60.0,0.0,4.9
2023-01-10,24.1,60.0,0.0,7.4
2023-01-11,24.1,59.0,0.0,5.1
2023-01-12,24.6,60.0,0.0,6.1
2023-01-13,24.9,63.0,0.0,5.8
2023-01-14,24.8,57.0,0.0,5.3
2023-01-15,23.1,68.0,0.0,5.2
2023-01-16,25.1,62.0,0.0,8.9
2023-01-17,24.2,59.0,0.0,5.7
2023-01-18,24.0,59.0,0.0,7.9
2023-01-19,22.5,66.0,0.0,7.0
2023-01-20,24.1,66.0,0.0,7.1
2023-01-21,23.2,61.0,0.0,5.2
2023-01-22,24.1,61.0,0.0,3.8
2023-01-23,23.3,58.0,0.0,5.9
2023-01-24,23.0,54.0,0.0,7.6
2023-01-25,22.7,57.0,0.0,7.5
2023-01-26,22.4,56.0,0.0,4.0
2023-01-27,22.2,57.0,0.0,7.0
2023-01-28,23.2,55.0,0.0,6.8
2023-01-29,22.9,58.0,0.0,5.3
2023-01-30,21.3,64.0,0.0,3.0
2023-01-31,23.5,59.0,0.0,6.5
2023-02-01,21.7,57.0,0.0,8.8
2023-02-02,22.9,56.0,0.0,6.2
2023-02-03,21.3,66.0,0.0,5.6
2023-02-04,22.0,55.0,0.0,5.7
2023-02-05,21.4,54.0,0.0,4.4
2023-02-06,22.9,68.0,0.0,4.3
2023-02-07,,,0.0,4.7
2023-02-08,,,0.0,7.4
2023-02-09,,,0.0,6.1
2023-02-10,23.9,54.0,0.0,8.6
2023-02-11,21.9,56.0,0.0,5.8
2023-02-12,23.2,62.0,0.0,4.5
2023-02-13,21.9,52.0,0.0,7.2
2023-02-14,22.0,60.0,0.0,4.0
2023-02-16,22.4,45.0,0.0,5.2
2023-02-17,22.5,57.0,0.0,4.9
2023-02-18,22.2,60.0,0.0,6.0
2023-02-19,21.0,61.0,0.0,4.1
2023-02-20,21.5,52.0,0.0,7.2
2023-02-21,21.4,63.0,0.0,7.4
2023-02-22,24.0,60.0,0.0,5.8
2023-02-23,22.2,57.0,0.0,5.5
2023-02-24,22.3,57.0,0.0,3.8
2023-02-25,21.4,56.0,0.0,3.5
2023-02-27,22.1,55.0,0.0,4.8
2023-02-28,22.2,54.0,0.0,7.0
2023-03-01,22.6,55.0,0.0,4.5
2023-03-02,21.8,56.0,0.0,3.2
2023-03-03,25.0,54.0,0.0,6.8
2023-03-04,22.3,54.0,0.0,3.7
2023-03-05,22.1,54.0,0.0,7.7
2023-03-06,22.2,53.0,0.0,3.9
2023-03-08,21.0,54.0,0.0,2.7
2023-03-09,22.9,65.0,0.0,6.6
2023-03-10,21.2,50.0,0.0,7.9
2023-03-11,21.1,63.0,0.0,6.2
2023-03-12,22.2,54.0,0.0,5.6
2023-03-13,23.7,57.0,0.0,6.3
2023-03-14,22.3,59.0,0.0,6.1
2023-03-15,22.2,55.0,0.0,6.2
2023-03-16,22.8,53.0,0.0,4.7
2023-03-17,23.2,54.0,0.0,4.8
2023-03-18,21.7,56.0,0.0,5.9
2023-03-19,22.9,55.0,0.0,7.1
2023-03-20,20.9,51.0,0.0,4.0
2023-03-21,21.2,60.0,0.0,5.8
2023-03-22,20.8,56.0,0.0,4.2
2023-03-23,21.2,58.0,0.0,5.5
2023-03-24,20.5,54.0,0.0,5.3
2023-03-25,23.0,48.0,0.0,5.7
2023-03-26,23.4,55.0,0.0,3.6
2023-03-27,20.7,55.0,0.0,6.0
2023-03-28,21.5,57.0,0.0,5.7
2023-03-30,22.2,63.0,0.0,9.3
2023-03-31,20.8,48.0,0.0,5.8
2023-04-01,23.2,60.0,0.0,1.6
2023-04-02,22.3,63.0,0.0,3.7
2023-04-03,21.8,58.0,0.0,6.3
2023-04-04,21.3,59.0,0.0,6.0
2023-04-05,21.6,62.0,0.0,3.9
2023-04-06,22.5,58.0,0.0,5.9
2023-04-07,21.9,61.0,0.0,5.8
2023-04-08,23.3,48.0,0.0,2.8
2023-04-09,22.8,57.0,0.0,4.6
2023-04-10,23.2,62.0,0.0,5.4
2023-04-11,23.7,61.0,0.0,1.9
2023-04-12,21.7,64.0,0.0,4.3
2023-04-13,21.0,62.0,0.0,6.7
2023-04-14,22.3,58.0,0.0,5.6
2023-04-15,20.9,56.0,0.0,6.2
2023-04-16,22.0,61.0,0.0,5.0
2023-04-17,23.3,61.0,0.0,5.7
2023-04-18,22.6,61.0,0.0,4.6
2023-04-19,21.1,62.0,0.0,6.2
2023-04-20,23.5,62.0,0.0,6.3
2023-04-21,22.3,64.0,0.0,6.8
2023-04-22,21.9,63.0,0.0,8.1
2023-04-23,23.0,63.0,0.0,6.0
2023-04-24,23.8,63.0,0.0,5.7
2023-04-25,23.4,58.0,0.0,5.4
2023-04-26,24.5,65.0,0.0,7.0
2023-04-27,23.8,63.0,0.0,6.3
2023-04-28,22.6,65.0,0.0,6.0
2023-04-29,22.2,58.0,0.0,7.0
2023-04-30,21.4,61.0,0.0,3.9
2023-05-01,23.9,58.0,0.0,5.0
2023-05-02,23.0,67.0,0.0,5.6
2023-05-03,24.3,64.0,0.0,3.3
2023-05-04,23.9,65.0,0.0,4.3
2023-05-05,24.2,67.0,0.0,6.6
2023-05-06,23.7,63.0,0.0,4.8
2023-05-07,22.9,69.0,0.0,4.0
2023-05-08,23.6,63.0,0.0,7.4
2023-05-09,24.6,54.0,0.0,1.2
2023-05-10,22.5,66.0,0.0,5.5
2023-05-11,23.3,60.0,0.0,6.6
2023-05-12,23.3,69.0,0.0,4.3
2023-05-13,22.1,62.0,0.0,3.8
2023-05-14,24.5,61.0,0.0,5.1
2023-05-15,23.4,70.0,0.0,4.5
2023-05-16,25.0,62.0,0.0,7.4
2023-05-17,25.3,61.0,0.0,3.5
2023-05-18,23.3,60.0,0.0,5.3
2023-05-19,24.2,74.0,0.0,3.3
2023-05-20,25.8,65.0,0.0,6.2
2023-05-21,23.4,69.0,0.0,4.8
2023-05-22,24.7,67.0,0.0,4.7
2023-05-23,22.8,66.0,0.0,5.5
2023-05-24,22.7,66.0,0.0,4.8
2023-05-25,26.5,68.0,0.0,5.4
2023-05-26,24.3,71.0,0.0,8.9
2023-05-27,24.5,75.0,0.0,4.1
2023-05-28,24.0,70.0,0.0,7.4
2023-05-29,24.6,63.0,0.0,3.7
2023-05-30,23.5,63.0,0.0,2.0
2023-05-31,23.7,57.0,0.0,4.2
2023-06-01,25.9,68.0,0.0,4.5
2023-06-02,27.2,68.0,0.0,3.5
2023-06-03,24.4,68.0,0.0,5.6
2023-06-04,25.2,76.0,0.0,6.2
2023-06-05,26.7,74.0,0.0,6.5
2023-06-06,27.3,70.0,0.0,2.8
2023-06-07,24.7,70.0,0.0,5.9
2023-06-08,26.2,71.0,0.0,3.9
2023-06-09,25.2,69.0,0.0,5.8
2023-06-10,25.5,68.0,0.0,4.1
2023-06-11,25.5,66.0,0.0,5.4
2023-06-12,25.9,64.0,0.0,4.8
2023-06-13,26.4,67.0,0.0,2.5
2023-06-14,25.5,72.0,0.0,4.3
2023-06-15,25.9,71.0,0.0,5.8
2023-06-16,27.5,72.0,0.0,5.6
2023-06-17,25.7,70.0,0.0,6.1
2023-06-18,26.8,65.0,0.0,4.3
2023-06-19,26.7,71.0,0.0,4.7
2023-06-20,25.6,65.0,0.0,3.9
2023-06-21,26.8,72.0,0.0,4.5
2023-06-22,25.9,63.0,0.0,6.7
2023-06-23,27.7,79.0,0.0,5.5
2023-06-24,27.1,74.0,0.0,4.2
2023-06-25,25.2,66.0,0.0,6.7
2023-06-26,26.9,80.0,0.0,3.7
2023-06-27,28.1,65.0,12.5,6.4
2023-06-28,26.7,81.0,0.0,2.4
2023-06-29,25.7,67.0,0.0,5.5
2023-06-30,27.6,79.0,0.0,3.7
2023-07-01,26.7,70.0,0.0,4.9
2023-07-02,25.7,74.0,0.0,7.9
2023-07-03,26.1,77.0,0.0,6.3
2023-07-04,26.7,71.0,0.0,2.3
2023-07-05,27.3,72.0,0.0,0.2
2023-07-06,27.7,69.0,0.0,4.3
2023-07-07,27.4,75.0,0.0,4.0
2023-07-08,28.3,79.0,27.5,4.0
2023-07-09,27.4,72.0,0.0,4.4
2023-07-10,27.4,77.0,0.0,6.3
2023-07-11,27.7,80.0,6.1,3.4
2023-07-12,27.2,86.0,0.0,6.0
2023-07-13,29.1,73.0,1.5,5.6
2023-07-14,27.8,68.0,16.5,4.9
2023-07-15,28.2,76.0,0.0,4.8
2023-07-16,26.8,76.0,0.1,1.9
2023-07-17,27.1,71.0,0.7,7.1
2023-07-18,26.9,77.0,0.0,1.6
2023-07-19,28.4,78.0,0.5,2.8
2023-07-20,28.0,77.0,0.0,3.3
2023-07-21,27.5,77.0,0.0,4.2
2023-07-22,28.0,78.0,0.0,5.3
2023-07-23,26.8,84.0,0.0,4.8
2023-07-24,28.9,79.0,5.0,4.2
2023-07-25,29.3,78.0,0.0,6.9
2023-07-26,27.0,80.0,38.2,5.5
2023-07-27,29.3,77.0,0.0,5.6
2023-07-28,28.5,81.0,0.0,1.9
2023-07-29,29.0,82.0,0.0,3.7
2023-07-30,27.2,82.0,67.3,5.2
2023-07-31,28.8,82.0,0.0,3.7
2023-08-01,28.9,79.0,0.0,4.5
2023-08-02,28.1,81.0,0.0,5.6
2023-08-03,28.8,79.0,0.0,5.0
2023-08-04,28.5,76.0,0.0,3.7
2023-08-05,29.0,78.0,0.0,2.7
2023-08-06,28.4,74.0,0.9,5.6
2023-08-07,29.6,78.0,3.1,4.6
2023-08-08,29.3,84.0,0.0,5.0
2023-08-09,27.9,89.0,0.8,5.1
2023-08-10,29.8,78.0,4.1,4.5
2023-08-11,27.6,82.0,0.0,3.2
2023-08-12,28.4,78.0,0.0,2.3
2023-08-13,28.9,82.0,8.8,4.8
2023-08-14,30.2,78.0,27.8,3.4
2023-08-15,29.7,77.0,0.0,5.2
2023-08-16,29.2,80.0,38.5,5.2
2023-08-17,29.2,71.0,23.4,4.8
2023-08-18,29.9,82.0,43.4,4.9
2023-08-19,26.8,77.0,2.0,2.9
2023-08-20,29.6,75.0,0.0,4.8
2023-08-21,26.6,82.0,0.0,5.2
2023-08-22,28.9,81.0,0.0,5.0
2023-08-23,31.1,79.0,0.7,5.3
2023-08-24,30.9,83.0,0.0,7.5
2023-08-25,29.8,75.0,16.0,2.8
2023-08-26,29.1,79.0,0.0,4.1
2023-08-27,29.2,76.0,0.1,4.6
2023-08-28,27.5,75.0,3.8,8.3
2023-08-29,28.8,82.0,0.0,4.0
2023-08-30,29.2,76.0,10.9,5.6
2023-08-31,27.6,82.0,0.0,2.7
2023-09-01,29.4,81.0,0.0,2.3
2023-09-02,27.8,76.0,1.4,7.0
2023-09-03,31.0,78.0,0.0,3.7
2023-09-04,29.8,78.0,28.3,3.8
2023-09-06,29.1,73.0,0.0,2.5
2023-09-07,29.4,73.0,0.0,4.0
2023-09-08,28.6,83.0,29.1,3.1
2023-09-09,28.9,77.0,2.1,3.8
2023-09-10,27.9,82.0,0.0,3.7
2023-09-11,28.9,72.0,0.0,6.9
2023-09-12,27.7,77.0,0.0,4.6
2023-09-13,27.2,73.0,0.0,5.1
2023-09-14,30.7,84.0,0.0,8.0
2023-09-15,30.5,83.0,0.0,5.1
2023-09-16,30.2,81.0,0.9,3.5
2023-09-17,28.6,90.0,0.0,6.6
2023-09-18,28.7,74.0,0.0,6.4
2023-09-19,28.1,76.0,0.0,3.8
2023-09-20,28.4,83.0,0.3,4.4
2023-09-21,29.6,77.0,0.0,5.3
2023-09-22,28.8,71.0,0.0,4.8
2023-09-23,29.9,84.0,0.0,5.6
2023-09-24,29.2,78.0,0.0,4.7
2023-09-25,27.5,82.0,36.7,6.2
2023-09-26,30.0,84.0,13.8,
2023-09-27,30.4,80.0,0.0,
2023-09-28,30.0,78.0,0.0,1.1
2023-09-29,29.5,77.0,0.0,1.9
2023-09-30,28.9,84.0,9.9,6.5
2023-10-01,27.6,77.0,3.8,5.6
2023-10-02,27.6,73.0,0.0,4.4
2023-10-03,27.2,70.0,9.1,3.1
2023-10-04,27.3,83.0,5.0,4.6
2023-10-05,28.1,80.0,32.3,6.2
2023-10-06,28.9,72.0,0.0,6.5
2023-10-07,29.7,76.0,0.0,4.0
2023-10-08,29.8,75.0,18.7,4.4
2023-10-09,29.1,78.0,0.0,3.4
2023-10-10,28.8,75.0,0.0,4.5
2023-10-11,29.0,70.0,0.0,3.7
2023-10-13,27.0,81.0,0.0,3.1
2023-10-14,27.3,75.0,0.2,3.6
2023-10-15,29.2,79.0,0.8,7.6
2023-10-16,28.6,76.0,0.0,3.3
2023-10-17,30.2,79.0,0.0,6.4
2023-10-18,27.5,84.0,0.0,4.2
2023-10-19,29.0,74.0,0.0,2.8
2023-10-20,27.8,72.0,0.0,3.4
2023-10-21,28.8,74.0,0.0,4.3
2023-10-22,28.9,67.0,0.0,4.5
2023-10-23,27.7,75.0,0.0,5.2
2023-10-24,29.0,72.0,0.0,2.6
2023-10-25,28.7,80.0,0.0,1.3
2023-10-26,26.1,77.0,0.0,3.6
2023-10-27,28.8,74.0,0.0,7.0
2023-10-28,27.6,67.0,0.0,4.1
2023-10-29,28.3,75.0,0.0,1.7
2023-10-30,30.0,72.0,9.2,5.7
2023-10-31,28.6,76.0,0.3,5.9
2023-11-01,26.0,82.0,0.0,3.8
2023-11-02,28.4,73.0,0.0,3.2
2023-11-03,26.8,72.0,0.0,5.7
2023-11-04,26.5,74.0,0.0,4.7
2023-11-05,28.7,73.0,0.0,3.1
2023-11-06,27.7,69.0,0.0,4.9
2023-11-07,26.3,79.0,0.0,4.6
2023-11-08,-99.0,68.0,0.0,4.5
2023-11-09,28.3,71.0,0.0,4.4
2023-11-10,27.1,76.0,0.0,5.3
2023-11-11,27.1,72.0,0.0,4.7
2023-11-12,26.0,67.0,0.0,5.0
2023-11-13,27.0,68.0,0.0,5.8
2023-11-14,26.2,65.0,0.0,4.6
2023-11-15,25.9,68.0,0.0,5.5
2023-11-16,27.1,74.0,0.0,2.1
2023-11-17,27.1,73.0,0.0,1.1
2023-11-18,27.8,72.0,0.0,5.1
2023-11-19,27.8,67.0,0.0,6.4
2023-11-20,28.6,63.0,0.0,2.1
2023-11-21,25.5,72.0,8.0,5.4
2023-11-22,26.9,71.0,0.0,3.3
2023-11-23,26.1,68.0,0.0,2.8
2023-11-24,27.3,73.0,0.0,5.6
2023-11-25,26.3,67.0,0.0,4.5
2023-11-26,24.4,75.0,0.0,5.7
2023-11-27,26.5,60.0,0.0,4.9
2023-11-28,26.4,75.0,0.0,6.2
2023-11-29,27.7,64.0,0.0,3.5
2023-11-30,26.2,58.0,0.0,
2023-12-01,26.1,66.0,0.0,7.2
2023-12-02,27.0,67.0,0.0,2.6
2023-12-03,24.1,64.0,0.0,0.7
2023-12-04,25.5,75.0,0.0,
2023-12-05,26.0,62.0,0.0,4.2
2023-12-06,24.8,72.0,0.0,5.7
2023-12-07,26.6,66.0,0.0,5.2
2023-12-08,25.6,70.0,0.0,4.4
2023-12-09,27.1,60.0,0.0,6.0
2023-12-10,25.5,63.0,0.0,5.2
2023-12-11,25.2,65.0,0.0,1.8
2023-12-12,24.1,72.0,0.0,4.1
2023-12-13,24.3,70.0,0.0,5.0
2023-12-14,26.8,64.0,0.0,3.7
2023-12-15,25.5,63.0,0.0,5.0
2023-12-16,24.9,70.0,0.0,2.8
2023-12-17,24.3,65.0,0.0,4.6
2023-12-18,26.4,66.0,0.0,5.3
2023-12-19,25.4,66.0,0.0,3.7
2023-12-20,26.2,70.0,0.0,2.1
2023-12-21,24.7,66.0,14.0,5.5
2023-12-22,25.4,69.0,0.0,4.6
2023-12-23,23.9,63.0,0.0,3.1
2023-12-24,25.7,61.0,0.0,3.3
2023-12-25,24.8,63.0,0.0,2.7
2023-12-26,25.3,64.0,0.0,2.2
2023-12-27,25.4,65.0,0.0,5.3
2023-12-28,25.5,61.0,0.0,3.3
2023-12-29,25.5,61.0,0.0,6.5
2023-12-30,24.1,65.0,0.0,3.7
2023-12-31,23.6,53.0,0.0,5.3
2024-01-01,25.1,60.0,0.0,4.3
2024-01-02,25.3,59.0,0.0,5.4
2024-01-03,23.8,58.0,0.0,6.7
2024-01-04,24.2,61.0,0.0,6.3
2024-01-05,24.2,65.0,0.0,5.3
2024-01-06,23.9,58.0,0.0,5.6
2024-01-07,25.1,65.0,0.0,2.5
2024-01-08,24.9,62.0,0.0,8.3
2024-01-09,23.3,64.0,0.0,7.1
2024-01-10,25.1,63.0,0.0,4.7
2024-01-11,24.7,57.0,0.0,9.0
2024-01-12,23.7,54.0,0.0,4.5
2024-01-13,25.3,58.0,0.0,5.9
2024-01-14,25.4,61.0,0.0,5.3
2024-01-15,23.1,64.0,0.0,8.7
2024-01-16,23.8,57.0,0.0,6.1
2024-01-17,25.5,57.0,0.0,6.8
2024-01-18,23.0,59.0,0.0,6.6
2024-01-19,21.6,58.0,0.0,6.4
2024-01-20,21.7,61.0,0.0,7.4
2024-01-21,23.1,59.0,0.0,5.6
2024-01-22,23.6,60.0,0.0,3.3
2024-01-23,22.6,63.0,0.0,7.2
2024-01-24,23.1,51.0,0.0,10.5
2024-01-25,22.9,66.0,0.0,5.2
2024-01-26,22.8,55.0,0.0,5.9
2024-01-27,23.1,53.0,0.0,5.0
2024-01-28,24.7,55.0,0.0,4.7
2024-01-29,22.4,55.0,0.0,7.0
2024-01-30,23.3,63.0,0.0,4.1
2024-01-31,23.5,59.0,0.0,4.9
2024-02-01,23.9,51.0,0.0,2.9
2024-02-02,22.2,55.0,0.0,5.7
2024-02-03,21.9,60.0,0.0,5.1
2024-02-04,21.9,57.0,0.0,5.9
2024-02-05,24.2,55.0,0.0,4.8
2024-02-06,24.0,55.0,0.0,5.8
2024-02-07,23.2,60.0,0.0,4.3
2024-02-08,22.9,59.0,0.0,5.4
2024-02-09,20.2,54.0,0.0,
2024-02-10,20.9,62.0,0.0,6.0
2024-02-11,24.2,60.0,0.0,2.7
2024-02-12,22.1,53.0,0.0,4.9
2024-02-13,22.7,60.0,0.0,6.2
2024-02-14,22.0,55.0,0.0,6.8
2024-02-15,21.6,52.0,0.0,5.0
2024-02-16,23.2,55.0,0.0,5.2
2024-02-17,20.7,56.0,0.0,4.2
2024-02-18,22.7,58.0,0.0,6.7
2024-02-19,23.4,53.0,0.0,8.3
2024-02-20,21.9,56.0,20.5,5.4
2024-02-21,21.4,56.0,0.0,6.7
2024-02-22,22.4,50.0,0.0,6.7
2024-02-23,20.9,54.0,0.0,
2024-02-24,23.5,53.0,0.0,5.7
2024-02-25,20.2,56.0,0.0,4.2
2024-02-26,22.9,63.0,0.0,4.2
2024-02-27,22.7,50.0,0.0,4.7
2024-02-28,20.1,59.0,0.0,7.3
2024-02-29,22.6,57.0,0.0,7.0
2024-03-01,22.5,48.0,0.0,4.9
2024-03-02,23.6,57.0,0.0,5.9
2024-03-03,20.9,59.0,0.0,5.3
2024-03-04,22.6,54.0,0.0,7.2
2024-03-05,22.9,59.0,0.0,4.2
2024-03-06,20.8,58.0,0.0,6.9
2024-03-07,23.1,57.0,0.0,5.6
2024-03-08,19.4,58.0,0.0,5.1
2024-03-09,20.4,58.0,0.0,6.2
2024-03-10,23.5,59.0,0.0,5.5
2024-03-11,21.9,53.0,0.0,1.7
2024-03-12,20.8,49.0,0.0,5.7
2024-03-13,20.2,49.0,0.0,6.8
2024-03-14,22.5,54.0,0.0,6.8
2024-03-15,22.1,53.0,0.0,7.8
2024-03-16,20.8,55.0,0.0,4.6
2024-03-17,20.2,61.0,0.0,5.1
2024-03-18,22.1,58.0,0.0,5.2
2024-03-19,23.6,58.0,0.0,7.2
2024-03-20,20.6,62.0,0.0,6.7
2024-03-21,23.7,54.0,0.0,6.6
2024-03-22,21.2,52.0,0.0,4.0
2024-03-23,21.3,59.0,0.0,3.7
2024-03-24,21.5,58.0,0.0,5.8
2024-03-25,23.0,65.0,0.0,5.8
2024-03-26,20.8,62.0,0.0,5.7
2024-03-27,20.9,57.0,0.0,5.0
2024-03-28,21.4,57.0,0.0,5.5
2024-03-29,21.1,50.0,0.0,5.9
2024-03-30,23.1,47.0,0.0,5.8
2024-03-31,22.0,55.0,0.0,4.9
2024-04-01,21.9,58.0,0.0,7.2
2024-04-02,22.1,61.0,0.0,3.8
2024-04-03,21.3,66.0,0.0,9.0
2024-04-04,21.9,62.0,0.0,8.0
2024-04-05,23.1,58.0,0.0,6.3
2024-04-06,23.2,61.0,0.0,7.2
2024-04-07,23.0,63.0,0.0,7.0
2024-04-08,21.6,62.0,0.0,6.0
2024-04-09,22.8,74.0,0.0,6.9
2024-04-10,22.8,55.0,0.0,6.9
2024-04-11,23.0,57.0,0.0,5.4
2024-04-12,21.8,58.0,0.0,5.0
2024-04-13,22.3,64.0,0.0,3.9
2024-04-14,23.0,68.0,0.0,6.0
2024-04-15,21.3,61.0,0.0,3.8
2024-04-16,23.4,59.0,0.0,4.2
2024-04-17,24.6,57.0,0.0,6.3
2024-04-18,24.8,66.0,0.0,6.4
2024-04-19,22.3,57.0,0.0,4.2
2024-04-20,23.8,61.0,0.0,5.3
2024-04-21,23.3,60.0,0.0,8.9
2024-04-22,24.0,61.0,0.0,7.4
2024-04-23,22.0,69.0,0.0,4.0
2024-04-24,22.7,61.0,0.0,7.0
2024-04-25,23.6,64.0,0.0,5.6
2024-04-26,23.4,53.0,0.0,8.2
2024-04-27,22.6,65.0,0.0,4.4
2024-04-28,26.5,66.0,0.0,5.6
2024-04-29,23.3,59.0,0.0,8.8
2024-04-30,23.7,63.0,0.0,5.0
2024-05-01,23.6,60.0,0.0,6.0
2024-05-02,24.9,62.0,0.0,3.1
2024-05-03,23.4,66.0,0.0,3.3
2024-05-04,24.1,63.0,0.0,2.5
2024-05-05,23.1,62.0,0.0,2.3
2024-05-06,24.3,64.0,0.0,5.6
2024-05-07,25.2,64.0,0.0,5.5
2024-05-08,24.6,66.0,0.0,5.0
2024-05-09,23.7,65.0,0.0,4.9
2024-05-11,23.0,65.0,125.0,3.6
2024-05-12,24.4,70.0,0.0,7.2
2024-05-13,25.0,65.0,0.0,2.4
2024-05-14,23.8,77.0,0.0,4.7
2024-05-15,26.8,63.0,0.0,4.5
2024-05-16,23.7,60.0,0.0,4.4
2024-05-17,24.8,61.0,0.0,4.5
2024-05-18,23.3,70.0,0.0,3.5
2024-05-19,24.6,67.0,0.0,3.7
2024-05-20,25.7,69.0,0.0,2.3
2024-05-21,23.5,71.0,0.0,5.4
2024-05-22,25.2,69.0,0.0,5.5
2024-05-23,23.8,70.0,0.0,2.0
2024-05-24,23.9,70.0,0.0,3.2
2024-05-25,25.4,70.0,0.0,4.8
2024-05-26,25.1,70.0,0.0,3.0
2024-05-27,24.4,70.0,0.0,4.5
2024-05-28,24.7,66.0,0.0,5.0
2024-05-29,24.5,64.0,0.0,4.8
2024-05-30,23.8,66.0,0.0,5.3
2024-05-31,24.3,67.0,0.0,2.9
2024-06-01,26.7,67.0,0.0,3.6
2024-06-02,26.1,63.0,0.0,2.4
2024-06-03,25.5,68.0,0.0,4.5
2024-06-04,27.4,64.0,0.0,6.6
2024-06-05,23.0,71.0,0.0,4.7
2024-06-06,24.5,69.0,0.0,3.8
2024-06-07,24.7,67.0,0.0,4.5
2024-06-08,25.5,68.0,0.0,5.7
2024-06-09,25.3,71.0,0.0,6.3
2024-06-10,24.9,76.0,0.0,2.9
2024-06-11,24.6,71.0,0.0,4.9
2024-06-12,24.3,77.0,0.0,4.4
2024-06-13,26.4,68.0,0.0,2.6
2024-06-14,-99.0,74.0,0.0,4.9
2024-06-15,25.6,68.0,0.0,4.2
2024-06-16,25.1,74.0,0.0,5.9
2024-06-17,27.0,69.0,0.0,7.2
2024-06-18,27.7,78.0,0.0,4.3
2024-06-19,26.4,67.0,0.0,4.7
2024-06-20,25.2,78.0,0.0,5.5
2024-06-21,24.5,70.0,0.0,4.5
2024-06-22,26.9,74.0,0.0,4.9
2024-06-23,26.9,70.0,0.0,6.1
2024-06-24,28.0,74.0,0.0,4.5
2024-06-25,25.3,72.0,0.0,6.1
2024-06-26,26.8,69.0,0.0,5.0
2024-06-27,26.6,78.0,0.0,3.2
2024-06-28,27.0,70.0,0.0,5.6
2024-06-29,25.8,75.0,0.0,4.3
2024-06-30,28.8,74.0,0.0,1.3
2024-07-01,28.6,71.0,0.1,5.3
2024-07-02,25.7,75.0,0.0,3.8
2024-07-03,27.9,73.0,25.4,5.9
2024-07-04,27.2,71.0,18.3,5.5
2024-07-05,26.6,69.0,27.0,4.9
2024-07-06,26.0,75.0,0.0,2.8
2024-07-07,27.6,72.0,19.8,3.3
2024-07-08,27.9,72.0,0.0,4.4
2024-07-09,26.8,78.0,0.0,
2024-07-10,26.5,75.0,0.0,4.0
2024-07-11,27.3,77.0,0.0,5.0
2024-07-12,27.1,79.0,1.6,7.7
2024-07-13,26.8,73.0,0.0,4.8
2024-07-14,26.3,78.0,0.0,5.5
2024-07-15,28.7,73.0,0.0,5.4
2024-07-16,27.5,80.0,6.1,4.8
2024-07-17,28.6,85.0,0.0,4.1
2024-07-18,26.0,73.0,0.0,6.1
2024-07-19,28.5,73.0,0.0,6.7
2024-07-20,29.9,80.0,0.0,3.9
2024-07-21,27.9,77.0,42.0,
2024-07-22,30.2,73.0,0.0,2.5
2024-07-23,27.5,76.0,0.0,3.4
2024-07-24,27.7,87.0,0.0,4.5
2024-07-25,27.4,76.0,0.0,6.0
2024-07-26,28.0,83.0,8.8,5.1
2024-07-27,28.4,72.0,1.1,
2024-07-28,28.9,78.0,0.0,4.5
2024-07-29,27.5,83.0,0.0,5.0
2024-07-30,29.9,78.0,0.0,4.1
2024-07-31,27.5,74.0,19.7,5.0
2024-08-01,30.0,81.0,0.0,5.4
2024-08-02,29.4,78.0,31.6,6.6
2024-08-03,27.7,82.0,0.0,2.9
2024-08-04,29.0,79.0,0.0,4.0
2024-08-05,28.3,83.0,0.0,4.9
2024-08-06,28.6,82.0,0.0,5.5
2024-08-07,29.4,75.0,0.0,3.6
2024-08-08,29.5,82.0,0.0,5.5
2024-08-09,29.5,74.0,7.9,3.3
2024-08-10,28.9,82.0,0.0,3.1
2024-08-11,28.9,81.0,0.0,3.6
2024-08-12,29.5,82.0,0.0,4.6
2024-08-13,28.5,69.0,0.0,6.6
2024-08-14,29.6,74.0,0.0,4.0
2024-08-15,27.7,81.0,0.0,5.0
2024-08-16,27.4,81.0,0.0,4.7
2024-08-17,29.6,81.0,0.0,2.9
2024-08-18,27.5,76.0,20.0,6.0
2024-08-19,29.8,79.0,0.0,4.6
2024-08-20,29.8,81.0,0.0,4.2
2024-08-21,29.8,75.0,0.0,7.8
2024-08-22,28.5,84.0,6.9,6.3
2024-08-23,29.6,77.0,5.6,3.9
2024-08-24,30.8,82.0,0.0,5.6
2024-08-25,29.5,85.0,13.4,8.4
2024-08-26,27.9,80.0,0.3,4.0
2024-08-27,28.8,78.0,0.0,1.7
2024-08-28,26.7,84.0,0.0,7.0
2024-08-29,29.0,76.0,15.4,2.8
2024-08-30,29.2,84.0,0.0,4.1
2024-08-31,29.4,82.0,0.0,2.4
2024-09-01,29.7,75.0,0.0,3.1
2024-09-02,28.6,80.0,0.3,4.5
2024-09-03,27.8,78.0,3.4,4.3
2024-09-04,30.5,85.0,24.4,3.4
2024-09-05,28.7,73.0,0.0,3.0
2024-09-06,30.2,85.0,13.5,4.7
2024-09-07,29.2,83.0,26.8,5.2
2024-09-08,28.9,80.0,4.4,3.2
2024-09-09,28.8,73.0,0.0,2.6
2024-09-10,28.4,75.0,0.0,4.0
2024-09-11,30.8,80.0,0.0,6.2
2024-09-12,29.2,81.0,0.0,2.3
2024-09-13,30.8,82.0,0.0,3.4
2024-09-14,29.8,75.0,0.0,4.8
2024-09-15,30.2,81.0,0.0,5.0
2024-09-16,28.2,75.0,0.0,3.3
2024-09-17,29.9,71.0,0.0,4.6
2024-09-18,29.0,76.0,2.1,2.6
2024-09-19,29.5,80.0,0.0,5.9
2024-09-20,28.1,81.0,1.8,3.3
2024-09-21,29.2,80.0,7.6,7.4
2024-09-22,28.9,84.0,0.0,6.2
2024-09-23,29.6,72.0,0.0,4.4
2024-09-24,27.8,78.0,6.0,3.8
2024-09-25,30.0,76.0,16.0,4.6
2024-09-26,28.0,73.0,0.0,5.0
2024-09-27,28.7,79.0,4.8,4.5
2024-09-28,29.9,79.0,21.8,4.4
2024-09-29,30.5,81.0,0.0,6.9
2024-09-30,30.2,78.0,0.0,9.2
2024-10-01,29.9,76.0,0.0,5.4
2024-10-02,28.0,79.0,0.0,4.7
2024-10-03,28.8,71.0,0.0,4.2
2024-10-04,28.0,75.0,0.0,5.0
2024-10-05,30.4,76.0,0.0,1.8
2024-10-06,29.4,75.0,0.7,5.4
2024-10-07,30.4,83.0,3.5,0.9
2024-10-08,29.2,80.0,0.0,5.6
2024-10-09,28.5,73.0,0.0,3.0
2024-10-10,30.1,76.0,0.0,7.3
2024-10-11,28.5,70.0,0.0,6.1
2024-10-12,30.4,76.0,0.8,6.7
2024-10-13,27.7,80.0,0.0,7.3
2024-10-14,27.8,70.0,0.0,3.7
2024-10-15,27.7,85.0,0.0,3.5
2024-10-16,29.2,75.0,0.0,4.6
2024-10-17,27.2,65.0,29.1,3.2
2024-10-18,27.3,69.0,0.3,2.6
2024-10-19,28.6,77.0,0.0,4.9
2024-10-20,28.6,73.0,0.0,5.1
2024-10-21,28.8,71.0,0.0,6.6
2024-10-22,27.2,74.0,0.0,5.4
2024-10-23,27.7,78.0,0.2,7.0
2024-10-24,27.5,76.0,0.0,5.2
2024-10-25,27.0,76.0,16.1,2.6
2024-10-26,26.9,73.0,0.0,6.4
2024-10-27,26.5,78.0,0.0,4.7
2024-10-28,27.5,78.0,3.8,4.2
2024-10-29,26.8,65.0,5.3,4.6
2024-10-30,29.6,74.0,0.0,3.5
2024-10-31,27.7,75.0,3.1,0.9
2024-11-01,27.0,75.0,0.0,5.1
2024-11-02,28.5,73.0,0.0,2.9
2024-11-03,28.5,77.0,0.0,3.9
2024-11-04,30.0,72.0,0.0,4.3
2024-11-05,28.8,69.0,0.0,4.8
2024-11-06,27.7,80.0,0.0,5.7
2024-11-07,27.7,63.0,0.0,4.9
2024-11-08,26.6,75.0,0.0,3.3
2024-11-09,27.0,76.0,0.0,1.7
2024-11-10,27.3,70.0,0.0,6.9
2024-11-11,26.2,68.0,0.0,4.5
2024-11-12,27.8,74.0,0.0,2.1
2024-11-13,26.7,69.0,0.0,5.4
2024-11-14,27.2,64.0,0.0,5.1
2024-11-15,27.5,68.0,0.0,6.1
2024-11-16,25.9,69.0,0.0,2.7
2024-11-17,27.6,67.0,0.0,4.0
2024-11-18,27.9,72.0,0.0,
2024-11-19,26.5,63.0,0.0,3.1
2024-11-20,25.7,66.0,0.0,3.0
2024-11-21,26.3,74.0,0.0,4.5
2024-11-22,26.9,67.0,0.0,2.8
2024-11-23,25.5,70.0,0.0,5.1
2024-11-24,25.9,74.0,0.0,4.0
2024-11-25,25.9,73.0,0.0,4.0
2024-11-26,27.7,71.0,0.0,6.0
2024-11-27,27.3,67.0,0.0,5.1
2024-11-28,27.6,70.0,0.0,4.3
2024-11-29,23.6,72.0,0.0,4.7
2024-11-30,26.0,72.0,0.0,2.2
2024-12-01,26.4,69.0,0.0,5.6
2024-12-02,25.7,75.0,0.0,4.2
2024-12-03,26.6,66.0,0.0,4.4
2024-12-04,,,4.3,6.5
2024-12-05,,,0.0,5.1
2024-12-07,,,0.0,4.4
2024-12-08,,,0.0,3.5
2024-12-09,,,0.0,6.0
2024-12-10,26.2,66.0,0.0,4.2
2024-12-11,27.7,68.0,0.0,5.6
2024-12-12,25.1,63.0,0.0,3.1
2024-12-13,24.3,68.0,0.0,6.3
2024-12-14,24.6,60.0,0.0,3.1
2024-12-15,25.4,61.0,0.0,5.6
2024-12-16,25.7,59.0,0.0,3.9
2024-12-17,25.5,63.0,0.0,2.2
2024-12-18,25.2,65.0,0.0,4.3
2024-12-19,23.1,64.0,0.0,3.8
2024-12-20,23.0,64.0,0.0,4.9
2024-12-21,24.5,61.0,0.0,6.4
2024-12-22,26.2,68.0,0.0,2.3
2024-12-23,24.0,69.0,0.0,2.2
2024-12-24,24.9,66.0,0.0,2.4
2024-12-25,24.9,67.0,0.0,3.9
2024-12-26,24.8,65.0,0.0,2.2
2024-12-27,23.9,60.0,0.0,3.5
2024-12-28,24.0,66.0,0.0,5.4
2024-12-29,24.2,62.0,0.0,4.1
2024-12-30,24.3,57.0,0.0,0.7
2024-12-31,23.4,56.0,0.0,5.0
