id_etudiant,filiere,sexe,heures_etude_semaine,tutorat,note_controle_continu,note_examen,admis
E2000,Informatique,F,2.5,Non,12.89,12.88,Oui
E2001,Mathématiques,M,14.2,Oui,6.51,11.54,Oui
E2002,Biologie,F,10.3,Oui,12.48,13.48,Oui
E2003,Économie,M,5.4,Non,7.9,8.16,Non
E2004,Mathématiques,F,6.8,Non,7.98,9.98,Non
E2005,Économie,M,10.2,Non,8.88,13.15,Oui
E2006,Biologie,M,23.0,Oui,5.09,10.45,Oui
E2007,Biologie,M,9.6,Oui,5.88,11.14,Oui
E2008,Informatique,M,4.9,Non,8.04,8.47,Non
E2009,Économie,M,7.6,Non,11.67,12.63,Oui
E2010,Biologie,F,8.6,Oui,11.74,10.19,Oui
E2011,Biologie,F,20.5,Oui,11.4,12.86,Oui
E2012,Biologie,M,6.8,Non,10.6,9.15,Non
E2013,Informatique,M,11.9,Non,11.68,15.19,Oui
E2014,Biologie,M,14.3,Oui,16.04,16.18,Oui
E2015,Biologie,M,11.5,Non,6.66,10.24,Oui
E2016,Mathématiques,F,4.0,Oui,14.54,12.09,Oui
E2017,Informatique,M,10.7,Oui,11.75,9.48,Non
E2018,Économie,F,7.3,Non,9.9,10.58,Oui
E2019,Biologie,F,9.4,Oui,16.38,16.35,Oui
E2020,Économie,M,8.7,Non,7.02,6.1,Non
E2021,Économie,M,6.0,Non,14.37,14.93,Oui
E2022,Mathématiques,F,9.2,Non,12.36,14.87,Oui
E2023,Économie,M,5.8,Non,12.49,7.88,Non
E2024,Biologie,F,15.1,Non,8.66,11.51,Oui
E2025,Informatique,M,15.7,Non,13.94,13.63,Oui
E2026,Mathématiques,M,14.0,Oui,8.76,10.9,Oui
E2027,Informatique,F,13.2,Non,8.14,9.29,Non
E2028,Économie,F,7.4,Non,9.88,11.95,Oui
E2029,Informatique,F,11.5,Non,8.34,4.84,Non
E2030,Mathématiques,M,21.1,Oui,11.75,16.31,Oui
E2031,Mathématiques,F,8.8,Non,11.55,11.59,Oui
E2032,Économie,F,7.9,Non,9.79,11.04,Oui
E2033,Biologie,F,10.5,Non,16.07,11.93,Oui
E2034,Économie,M,8.7,Oui,9.02,12.48,Oui
E2035,Mathématiques,M,8.1,Non,10.02,10.21,Oui
E2036,Informatique,M,10.5,Non,10.3,12.16,Oui
E2037,Informatique,F,8.7,Non,6.97,8.59,Non
E2038,Informatique,M,18.1,Non,12.67,12.1,Oui
E2039,Économie,F,11.3,Non,11.48,15.22,Oui
E2040,Mathématiques,F,12.7,Non,9.95,10.8,Oui
E2041,Mathématiques,M,9.9,Oui,9.81,10.41,Oui
E2042,Mathématiques,F,6.5,Non,5.19,6.78,Non
E2043,Biologie,F,3.6,Oui,10.52,6.01,Non
E2044,Mathématiques,F,7.4,Non,6.01,7.34,Non
E2045,Économie,F,17.6,Non,11.18,11.47,Oui
E2046,Mathématiques,M,19.3,Non,7.19,9.27,Non
E2047,Informatique,F,8.6,Oui,12.73,9.2,Non
E2048,Biologie,M,14.3,Non,11.45,6.23,Non
E2049,Biologie,M,11.6,Oui,9.03,11.27,Oui
E2050,Informatique,F,8.7,Non,13.67,16.87,Oui
E2051,Économie,F,5.3,Non,13.09,12.8,Oui
E2052,Biologie,F,18.5,Oui,7.85,9.0,Non
E2053,Informatique,F,6.3,Non,9.95,10.6,Oui
E2054,Mathématiques,M,13.4,Oui,8.86,7.74,Non
E2055,Biologie,F,13.1,Non,10.92,11.51,Oui
E2056,Économie,M,6.6,Non,8.78,14.24,Oui
E2057,Mathématiques,M,11.4,Non,11.89,11.78,Oui
E2058,Informatique,F,3.8,Non,12.62,7.33,Non
E2059,Économie,M,12.9,Non,11.95,12.42,Oui
E2060,Informatique,M,11.1,Oui,16.58,12.38,Oui
E2061,Mathématiques,M,9.2,Oui,13.71,9.65,Non
E2062,Biologie,M,12.0,Non,13.17,13.0,Oui
E2063,Informatique,M,12.2,Non,10.93,11.48,Oui
E2064,Biologie,F,14.0,Non,10.95,12.86,Oui
E2065,Informatique,M,11.5,Oui,8.8,12.3,Oui
E2066,Biologie,F,23.6,Non,10.29,12.0,Oui
E2067,Informatique,F,7.1,Non,12.83,13.46,Oui
E2068,Mathématiques,M,6.2,Non,9.09,12.28,Oui
E2069,Informatique,M,4.5,Oui,10.02,12.49,Oui
E2070,Biologie,F,4.5,Oui,7.88,14.76,Oui
E2071,Informatique,M,10.4,Oui,6.32,10.84,Oui
E2072,Économie,F,8.9,Oui,10.19,13.53,Oui
E2073,Biologie,F,11.1,Non,7.73,11.61,Oui
E2074,Biologie,F,11.5,Oui,11.43,11.43,Oui
E2075,Économie,M,5.2,Oui,5.14,14.86,Oui
E2076,Informatique,M,15.8,Non,8.66,12.76,Oui
E2077,Informatique,M,12.2,Non,13.09,11.79,Oui
E2078,Mathématiques,M,6.5,Non,12.04,11.62,Oui
E2079,Économie,F,6.9,Non,12.87,13.79,Oui
E2080,Mathématiques,M,7.9,Oui,8.37,11.45,Oui
E2081,Mathématiques,M,12.6,Non,13.37,12.94,Oui
E2082,Informatique,M,10.7,Non,8.72,11.6,Oui
E2083,Économie,F,12.9,Non,10.96,13.57,Oui
E2084,Informatique,M,12.2,Non,12.32,14.47,Oui
E2085,Informatique,F,15.1,Oui,9.8,10.03,Oui
E2086,Biologie,M,21.9,Non,7.29,11.71,Oui
E2087,Biologie,M,14.3,Non,8.31,7.39,Non
E2088,Biologie,M,14.5,Non,6.25,7.65,Non
E2089,Économie,M,4.5,Non,13.83,12.4,Oui
E2090,Informatique,M,18.3,Non,14.81,15.15,Oui
E2091,Biologie,M,6.4,Non,16.01,16.99,Oui
E2092,Informatique,M,19.2,Non,12.49,13.26,Oui
E2093,Biologie,F,17.9,Non,5.65,9.15,Non
E2094,Informatique,F,2.4,Oui,12.46,8.48,Non
E2095,Informatique,F,18.2,Non,7.54,9.51,Non
E2096,Mathématiques,M,6.5,Oui,11.47,13.07,Oui
E2097,Mathématiques,F,10.5,Non,7.46,7.92,Non
E2098,Mathématiques,M,7.9,Oui,7.03,7.38,Non
E2099,Informatique,F,13.3,Non,9.97,13.3,Oui
E2100,Informatique,M,5.0,Non,12.47,14.84,Oui
E2101,Mathématiques,M,12.1,Oui,8.28,7.85,Non
E2102,Économie,F,17.0,Non,14.23,14.2,Oui
E2103,Informatique,M,15.2,Non,12.68,11.01,Oui
E2104,Économie,M,14.2,Non,9.3,11.62,Oui
E2105,Biologie,M,15.4,Oui,11.95,14.81,Oui
E2106,Mathématiques,M,6.8,Non,7.17,12.55,Oui
E2107,Économie,M,8.8,Oui,14.44,12.37,Oui
E2108,Biologie,M,4.5,Non,11.3,12.2,Oui
E2109,Mathématiques,M,6.4,Non,4.51,7.39,Non
E2110,Mathématiques,M,23.5,Non,13.08,11.43,Oui
E2111,Mathématiques,M,10.6,Non,13.55,11.55,Oui
E2112,Biologie,M,9.4,Non,10.23,13.94,Oui
E2113,Économie,M,5.6,Oui,13.23,14.19,Oui
E2114,Mathématiques,M,12.9,Non,9.66,5.18,Non
E2115,Biologie,M,9.9,Oui,14.31,13.37,Oui
E2116,Biologie,F,5.3,Non,12.15,8.88,Non
E2117,Économie,M,7.0,Oui,7.5,13.54,Oui
E2118,Biologie,M,13.4,Non,11.62,13.26,Oui
E2119,Économie,M,14.7,Oui,10.9,15.63,Oui
E2120,Mathématiques,F,10.8,Non,12.29,9.48,Non
E2121,Économie,F,7.7,Non,11.13,10.09,Oui
E2122,Biologie,F,10.3,Non,9.15,11.62,Oui
E2123,Informatique,M,21.2,Non,9.89,11.98,Oui
E2124,Biologie,F,6.8,Oui,12.99,12.21,Oui
E2125,Informatique,M,14.6,Oui,10.9,13.79,Oui
E2126,Biologie,F,13.7,Non,14.34,14.13,Oui
E2127,Biologie,F,8.9,Non,13.35,12.61,Oui
E2128,Informatique,F,10.0,Non,7.77,12.99,Oui
E2129,Mathématiques,F,13.9,Non,7.11,9.21,Non
E2130,Informatique,M,6.9,Non,9.89,11.7,Oui
E2131,Informatique,M,9.2,Non,15.4,14.18,Oui
E2132,Mathématiques,F,10.3,Non,8.27,7.36,Non
E2133,Biologie,M,9.8,Non,7.51,9.75,Non
E2134,Mathématiques,F,14.8,Non,11.98,15.26,Oui
E2135,Économie,M,4.1,Non,14.92,16.18,Oui
E2136,Mathématiques,F,6.4,Non,7.53,7.14,Non
E2137,Informatique,F,4.7,Oui,11.6,14.11,Oui
E2138,Mathématiques,F,10.0,Non,12.2,12.21,Oui
E2139,Mathématiques,F,18.7,Oui,8.86,10.18,Oui
E2140,Économie,M,11.3,Oui,13.5,17.48,Oui
E2141,Économie,M,17.8,Oui,11.67,14.16,Oui
E2142,Économie,F,8.4,Oui,11.29,15.38,Oui
E2143,Biologie,M,8.0,Non,8.76,11.81,Oui
E2144,Mathématiques,F,9.1,Oui,10.85,12.73,Oui
E2145,Mathématiques,M,6.5,Non,14.79,12.89,Oui
E2146,Biologie,M,3.2,Oui,12.93,10.91,Oui
E2147,Économie,M,8.9,Non,9.99,13.44,Oui
E2148,Informatique,F,3.7,Non,11.88,7.38,Non
E2149,Biologie,F,11.4,Non,8.42,8.88,Non
E2150,Mathématiques,M,19.4,Non,9.49,8.5,Non
E2151,Économie,F,6.8,Non,9.06,9.5,Non
E2152,Biologie,F,6.9,Non,14.04,11.23,Oui
E2153,Économie,F,10.1,Non,12.0,13.94,Oui
E2154,Mathématiques,M,8.4,Non,9.21,6.4,Non
E2155,Économie,F,5.4,Non,8.02,7.99,Non
E2156,Informatique,F,13.2,Non,11.05,12.4,Oui
E2157,Économie,M,7.1,Non,13.82,13.2,Oui
E2158,Économie,M,8.4,Non,10.47,14.75,Oui
E2159,Biologie,M,14.5,Non,9.78,12.19,Oui
E2160,Biologie,F,6.8,Oui,13.73,12.07,Oui
E2161,Économie,F,8.7,Non,10.67,11.58,Oui
E2162,Mathématiques,F,15.7,Non,6.23,7.11,Non
E2163,Économie,F,4.9,Non,9.79,14.19,Oui
E2164,Informatique,M,11.4,Non,17.1,15.83,Oui
E2165,Économie,F,11.9,Non,9.1,8.65,Non
E2166,Biologie,M,16.6,Oui,10.32,13.15,Oui
E2167,Informatique,M,11.8,Non,8.28,9.39,Non
E2168,Biologie,M,4.6,Non,11.04,9.58,Non
E2169,Biologie,M,22.8,Oui,8.12,10.1,Oui
E2170,Biologie,F,5.3,Oui,13.69,12.06,Oui
E2171,Économie,M,15.4,Oui,10.01,8.59,Non
E2172,Informatique,F,12.8,Oui,6.34,9.52,Non
E2173,Économie,F,10.7,Non,8.43,13.09,Oui
E2174,Économie,M,5.9,Non,11.48,10.07,Oui
E2175,Biologie,F,6.2,Non,5.12,10.76,Oui
E2176,Mathématiques,F,8.1,Non,9.17,9.53,Non
E2177,Informatique,F,23.2,Non,13.88,15.23,Oui
E2178,Économie,M,4.7,Non,9.94,9.94,Non
E2179,Mathématiques,F,7.4,Non,13.64,12.43,Oui
E2180,Biologie,M,8.3,Non,15.66,12.24,Oui
E2181,Informatique,M,25.2,Non,14.29,13.6,Oui
E2182,Économie,M,8.9,Oui,10.51,12.81,Oui
E2183,Biologie,F,16.2,Oui,7.44,12.0,Oui
E2184,Mathématiques,F,17.9,Oui,4.93,7.84,Non
E2185,Économie,M,15.9,Non,6.23,11.66,Oui
E2186,Mathématiques,M,14.0,Non,7.07,9.77,Non
E2187,Économie,F,4.3,Non,8.71,13.44,Oui
E2188,Économie,M,2.0,Oui,7.81,10.65,Oui
E2189,Mathématiques,M,5.8,Non,9.44,9.54,Non
E2190,Mathématiques,M,9.2,Non,10.52,8.19,Non
E2191,Informatique,M,5.8,Oui,12.1,10.99,Oui
E2192,Informatique,M,9.8,Non,12.64,14.82,Oui
E2193,Biologie,M,6.6,Oui,8.9,11.86,Oui
E2194,Informatique,F,5.1,Non,13.3,12.77,Oui
E2195,Économie,M,12.0,Non,8.69,12.01,Oui
E2196,Économie,M,6.7,Non,8.58,8.34,Non
E2197,Mathématiques,F,10.2,Non,6.92,12.66,Oui
E2198,Économie,F,14.8,Non,10.59,11.51,Oui
E2199,Économie,M,5.4,Non,9.7,12.06,Oui
E2200,Mathématiques,M,6.7,Non,10.27,9.3,Non
E2201,Informatique,M,10.3,Non,9.53,12.01,Oui
E2202,Économie,M,2.2,Oui,6.31,9.06,Non
E2203,Mathématiques,F,18.6,Non,8.71,9.77,Non
E2204,Informatique,M,11.3,Non,8.11,9.79,Non
E2205,Économie,M,17.6,Oui,6.69,11.81,Oui
E2206,Mathématiques,M,7.0,Oui,8.55,8.56,Non
E2207,Mathématiques,M,4.5,Non,9.82,10.84,Oui
E2208,Mathématiques,F,13.7,Non,12.98,11.19,Oui
E2209,Informatique,F,4.8,Oui,13.23,13.34,Oui
E2210,Économie,F,8.8,Oui,11.54,13.09,Oui
E2211,Économie,M,6.1,Oui,11.02,13.99,Oui
E2212,Mathématiques,F,5.8,Non,12.16,9.13,Non
E2213,Informatique,F,25.0,Oui,7.08,13.76,Oui
E2214,Mathématiques,M,5.4,Non,9.86,9.24,Non
E2215,Biologie,M,16.9,Non,8.23,13.23,Oui
E2216,Économie,F,6.2,Non,8.3,10.93,Oui
E2217,Économie,M,3.4,Oui,11.55,12.08,Oui
E2218,Informatique,F,37.3,Non,5.51,11.65,Oui
E2219,Biologie,F,10.4,Oui,9.19,12.6,Oui
E2220,Biologie,M,6.6,Oui,10.08,9.93,Non
E2221,Informatique,M,14.3,Oui,8.21,15.51,Oui
E2222,Économie,M,24.1,Oui,13.42,14.46,Oui
E2223,Mathématiques,M,8.8,Oui,12.64,17.16,Oui
E2224,Biologie,M,10.3,Oui,12.49,13.03,Oui
E2225,Informatique,F,8.7,Non,8.26,8.78,Non
E2226,Mathématiques,F,14.7,Oui,12.22,13.09,Oui
E2227,Biologie,M,14.3,Non,13.57,14.4,Oui
E2228,Biologie,F,16.5,Non,13.1,13.39,Oui
E2229,Économie,M,2.6,Oui,5.62,9.8,Non
E2230,Mathématiques,M,9.5,Non,9.09,11.45,Oui
E2231,Économie,M,7.4,Non,8.85,7.82,Non
E2232,Économie,M,20.8,Non,7.84,9.13,Non
E2233,Mathématiques,F,6.4,Non,5.88,7.93,Non
E2234,Économie,M,18.4,Non,14.45,16.14,Oui
E2235,Biologie,F,4.2,Non,12.07,14.27,Oui
E2236,Économie,M,14.6,Oui,9.2,11.71,Oui
E2237,Mathématiques,F,5.5,Oui,9.09,8.01,Non
E2238,Biologie,M,11.7,Oui,9.1,11.49,Oui
E2239,Informatique,M,4.9,Oui,7.79,9.4,Non
E2240,Économie,M,8.0,Oui,5.6,8.87,Non
E2241,Mathématiques,F,11.0,Non,12.7,14.51,Oui
E2242,Économie,F,12.1,Oui,12.3,16.49,Oui
E2243,Économie,M,13.0,Non,12.61,13.25,Oui
E2244,Biologie,F,10.1,Oui,14.58,12.81,Oui
E2245,Mathématiques,M,7.9,Non,9.31,7.8,Non
E2246,Biologie,M,7.2,Non,11.49,13.77,Oui
E2247,Mathématiques,F,9.9,Oui,6.73,8.11,Non
E2248,Biologie,M,13.9,Non,12.49,10.52,Oui
E2249,Biologie,M,10.0,Oui,7.9,12.77,Oui
E2250,Mathématiques,M,3.9,Oui,9.02,8.76,Non
E2251,Biologie,M,5.4,Non,9.38,10.22,Oui
E2252,Mathématiques,M,4.2,Non,10.81,8.58,Non
E2253,Informatique,F,7.7,Non,5.62,3.24,Non
E2254,Mathématiques,M,18.6,Oui,10.38,17.89,Oui
E2255,Économie,F,19.8,Oui,12.94,14.69,Oui
E2256,Économie,F,4.0,Oui,10.11,10.2,Oui
E2257,Informatique,M,9.4,Non,10.69,7.84,Non
E2258,Informatique,M,16.2,Non,11.34,9.61,Non
E2259,Biologie,F,8.1,Non,12.94,12.1,Oui
E2260,Informatique,F,7.2,Non,14.94,16.11,Oui
E2261,Mathématiques,M,13.0,Non,14.32,11.04,Oui
E2262,Informatique,M,10.7,Non,7.27,8.45,Non
E2263,Informatique,F,8.8,Oui,6.62,12.01,Oui
E2264,Mathématiques,F,7.2,Oui,14.74,11.57,Oui
E2265,Biologie,M,20.8,Oui,8.94,9.55,Non
E2266,Économie,M,9.1,Non,11.26,12.39,Oui
E2267,Mathématiques,F,8.4,Oui,4.8,5.23,Non
E2268,Économie,F,11.4,Non,5.18,7.96,Non
E2269,Informatique,F,16.5,Non,8.77,9.72,Non
E2270,Économie,F,10.0,Non,13.44,14.39,Oui
E2271,Informatique,F,4.8,Oui,7.55,13.85,Oui
E2272,Informatique,M,10.2,Oui,10.99,9.92,Non
E2273,Mathématiques,F,6.5,Oui,9.09,12.46,Oui
E2274,Biologie,F,21.9,Non,6.64,8.82,Non
E2275,Mathématiques,F,7.3,Oui,9.73,10.94,Oui
E2276,Informatique,M,6.9,Non,9.18,9.41,Non
E2277,Mathématiques,M,24.4,Non,6.49,7.51,Non
E2278,Économie,M,11.5,Non,9.25,15.86,Oui
E2279,Mathématiques,M,21.9,Non,10.04,10.51,Oui
E2280,Biologie,M,11.6,Non,12.9,11.91,Oui
E2281,Biologie,M,15.2,Oui,4.94,9.53,Non
E2282,Biologie,M,10.2,Oui,11.87,14.59,Oui
E2283,Mathématiques,F,4.6,Oui,11.98,11.69,Oui
E2284,Économie,M,10.2,Non,8.2,9.51,Non
E2285,Mathématiques,F,9.3,Oui,4.92,9.23,Non
E2286,Mathématiques,M,6.5,Non,10.41,9.02,Non
E2287,Économie,F,13.5,Non,11.36,16.44,Oui
E2288,Économie,M,5.7,Oui,10.7,7.97,Non
E2289,Mathématiques,F,6.4,Non,16.45,10.37,Oui
E2290,Mathématiques,F,9.9,Non,12.37,13.12,Oui
E2291,Économie,M,9.8,Non,9.27,8.7,Non
E2292,Mathématiques,M,5.8,Non,11.64,10.89,Oui
E2293,Informatique,M,15.8,Oui,12.64,12.68,Oui
E2294,Biologie,M,10.9,Non,14.44,13.27,Oui
E2295,Mathématiques,F,5.9,Non,10.54,7.38,Non
E2296,Mathématiques,M,7.7,Non,14.69,11.73,Oui
E2297,Informatique,M,6.1,Non,7.19,11.51,Oui
E2298,Mathématiques,M,4.0,Non,9.16,7.4,Non
E2299,Biologie,M,9.3,Non,7.72,7.66,Non
E2300,Biologie,F,11.7,Oui,13.41,12.12,Oui
E2301,Informatique,M,4.2,Non,7.43,7.95,Non
E2302,Biologie,F,5.2,Non,5.71,10.82,Oui
E2303,Mathématiques,F,6.2,Non,4.23,4.76,Non
E2304,Mathématiques,M,8.4,Oui,11.21,14.72,Oui
E2305,Économie,F,7.4,Non,10.42,12.32,Oui
E2306,Informatique,M,18.3,Non,11.28,13.4,Oui
E2307,Économie,M,4.5,Oui,10.95,15.93,Oui
E2308,Mathématiques,M,6.7,Non,13.67,12.52,Oui
E2309,Économie,F,14.7,Non,10.33,7.81,Non
E2310,Informatique,M,16.8,Non,5.7,8.98,Non
E2311,Économie,F,7.5,Non,12.87,13.88,Oui
E2312,Économie,M,8.2,Non,12.29,11.83,Oui
E2313,Biologie,M,9.3,Non,8.74,9.04,Non
E2314,Mathématiques,M,12.6,Non,6.52,7.38,Non
E2315,Biologie,M,8.4,Oui,5.08,9.47,Non
E2316,Biologie,F,9.1,Non,11.32,12.21,Oui
E2317,Économie,M,21.6,Non,11.13,11.11,Oui
E2318,Mathématiques,F,4.8,Non,10.02,12.36,Oui
E2319,Économie,F,7.2,Non,10.43,14.52,Oui
E2320,Informatique,M,7.6,Non,13.81,13.81,Oui
E2321,Économie,F,11.6,Non,11.57,13.66,Oui
E2322,Informatique,F,3.8,Non,9.38,10.1,Oui
E2323,Mathématiques,M,19.0,Oui,6.74,12.9,Oui
E2324,Mathématiques,F,8.1,Non,15.03,10.33,Oui
E2325,Mathématiques,F,5.1,Non,9.64,10.21,Oui
E2326,Informatique,F,12.3,Non,10.12,15.04,Oui
E2327,Informatique,F,11.0,Non,12.87,10.68,Oui
E2328,Informatique,M,8.8,Oui,11.61,10.58,Oui
E2329,Informatique,M,3.8,Non,12.44,15.7,Oui
E2330,Mathématiques,F,14.1,Non,11.76,10.39,Oui
E2331,Mathématiques,F,4.3,Non,8.51,6.38,Non
E2332,Biologie,F,16.4,Non,14.66,13.48,Oui
E2333,Biologie,M,7.6,Non,7.17,6.18,Non
E2334,Économie,M,13.8,Oui,7.05,8.77,Non
E2335,Informatique,M,12.3,Oui,8.2,11.12,Oui
E2336,Biologie,M,18.2,Oui,11.33,12.33,Oui
E2337,Économie,F,10.0,Oui,11.98,12.92,Oui
E2338,Informatique,M,4.9,Oui,7.07,7.67,Non
E2339,Économie,M,15.3,Non,4.81,9.28,Non
E2340,Informatique,M,11.3,Non,9.8,11.13,Oui
E2341,Biologie,M,13.3,Oui,11.83,12.09,Oui
E2342,Mathématiques,M,7.5,Oui,15.57,13.82,Oui
E2343,Mathématiques,M,8.6,Oui,11.57,12.35,Oui
E2344,Mathématiques,M,3.5,Non,7.91,6.66,Non
E2345,Économie,M,10.0,Non,9.31,10.89,Oui
E2346,Économie,F,12.7,Non,8.51,11.34,Oui
E2347,Biologie,F,7.8,Non,10.52,10.37,Oui
E2348,Informatique,F,7.4,Non,13.26,13.5,Oui
E2349,Biologie,F,4.1,Non,8.56,9.0,Non
E2350,Économie,M,11.6,Non,11.51,11.15,Oui
E2351,Biologie,F,7.3,Non,11.66,14.63,Oui
E2352,Mathématiques,M,11.5,Non,7.56,8.75,Non
E2353,Économie,M,3.3,Oui,11.63,14.77,Oui
E2354,Mathématiques,F,3.9,Oui,6.73,4.36,Non
E2355,Économie,F,19.7,Non,8.81,12.4,Oui
E2356,Informatique,M,13.5,Non,13.84,12.42,Oui
E2357,Biologie,F,8.4,Oui,8.42,8.13,Non
E2358,Biologie,F,13.0,Oui,7.79,10.69,Oui
E2359,Informatique,F,7.5,Non,9.87,10.77,Oui
E2360,Économie,M,13.6,Oui,13.63,16.24,Oui
E2361,Informatique,F,12.5,Non,10.43,13.6,Oui
E2362,Biologie,F,10.9,Non,7.5,11.15,Oui
E2363,Mathématiques,M,12.9,Oui,11.61,16.8,Oui
E2364,Mathématiques,F,6.2,Non,11.2,12.88,Oui
E2365,Économie,F,11.3,Oui,13.73,19.46,Oui
E2366,Biologie,M,1.7,Non,14.62,8.13,Non
E2367,Biologie,M,21.3,Non,8.63,10.41,Oui
E2368,Mathématiques,F,4.0,Oui,8.05,8.87,Non
E2369,Mathématiques,F,12.1,Non,8.89,7.93,Non
E2370,Mathématiques,M,11.3,Non,10.43,12.82,Oui
E2371,Informatique,M,6.3,Non,17.57,14.78,Oui
E2372,Biologie,M,25.3,Oui,9.29,16.67,Oui
E2373,Économie,F,35.2,Oui,8.72,16.06,Oui
E2374,Biologie,M,6.0,Non,8.95,6.27,Non
E2375,Économie,F,13.1,Oui,12.08,16.8,Oui
E2376,Économie,F,11.0,Oui,7.34,11.39,Oui
E2377,Économie,F,8.8,Oui,9.46,15.6,Oui
E2378,Économie,M,10.1,Oui,16.32,15.8,Oui
E2379,Économie,F,10.7,Oui,9.76,12.37,Oui
E2380,Économie,M,10.6,Non,8.89,9.11,Non
E2381,Mathématiques,F,4.2,Oui,6.71,8.03,Non
E2382,Informatique,M,12.3,Non,8.75,12.88,Oui
E2383,Économie,F,16.2,Non,9.09,9.79,Non
E2384,Économie,F,3.8,Non,12.93,10.82,Oui
E2385,Mathématiques,M,9.1,Oui,14.37,16.51,Oui
E2386,Informatique,M,20.2,Non,9.07,16.57,Oui
E2387,Mathématiques,M,9.6,Non,12.7,11.17,Oui
E2388,Économie,F,10.3,Non,8.68,14.48,Oui
E2389,Biologie,F,7.6,Oui,11.88,13.18,Oui
E2390,Informatique,F,7.5,Non,5.35,6.13,Non
E2391,Économie,M,11.9,Oui,10.25,9.81,Non
E2392,Informatique,F,22.2,Oui,14.36,17.31,Oui
E2393,Informatique,F,12.0,Non,8.41,11.8,Oui
E2394,Mathématiques,F,1.4,Non,13.35,8.45,Non
E2395,Biologie,M,2.4,Non,10.87,11.29,Oui
E2396,Mathématiques,M,16.6,Non,9.5,12.56,Oui
E2397,Informatique,F,5.0,Non,16.81,13.41,Oui
E2398,Informatique,F,2.9,Oui,3.13,10.74,Oui
E2399,Mathématiques,M,9.7,Non,11.21,9.67,Non
E2400,Économie,F,8.1,Non,6.58,9.59,Non
E2401,Mathématiques,M,9.4,Non,2.71,7.04,Non
E2402,Biologie,F,5.1,Non,13.32,11.29,Oui
E2403,Biologie,F,16.4,Non,11.12,15.28,Oui
E2404,Biologie,M,10.5,Non,10.53,13.82,Oui
E2405,Informatique,F,5.3,Oui,13.74,12.77,Oui
E2406,Mathématiques,M,8.1,Non,12.06,12.9,Oui
E2407,Biologie,M,16.6,Non,7.98,7.98,Non
E2408,Biologie,M,8.0,Oui,15.23,14.92,Oui
E2409,Économie,M,12.5,Non,11.39,10.61,Oui
E2410,Biologie,F,8.8,Oui,8.99,11.63,Oui
E2411,Mathématiques,F,9.2,Oui,7.53,10.84,Oui
E2412,Biologie,M,6.3,Oui,8.66,9.85,Non
E2413,Informatique,M,11.7,Non,10.66,11.38,Oui
E2414,Mathématiques,F,11.6,Oui,8.87,10.51,Oui
E2415,Économie,M,8.5,Oui,10.74,14.09,Oui
E2416,Informatique,F,8.5,Non,7.86,7.06,Non
E2417,Biologie,F,12.5,Non,7.64,10.41,Oui
E2418,Informatique,F,11.3,Non,10.64,7.04,Non
E2419,Informatique,M,16.2,Non,7.31,9.75,Non
E2420,Biologie,F,28.1,Oui,5.52,12.35,Oui
E2421,Économie,M,6.8,Oui,14.01,12.38,Oui
E2422,Mathématiques,F,5.0,Oui,12.88,12.66,Oui
E2423,Mathématiques,F,5.1,Oui,8.62,11.99,Oui
E2424,Mathématiques,M,14.8,Oui,9.85,14.42,Oui
E2425,Biologie,F,17.9,Non,11.04,11.63,Oui
E2426,Biologie,M,7.0,Non,7.98,9.28,Non
E2427,Économie,F,8.4,Non,8.59,9.66,Non
E2428,Informatique,F,3.7,Oui,8.71,11.57,Oui
E2429,Mathématiques,F,16.1,Non,6.87,11.97,Oui
E2430,Biologie,M,8.7,Non,7.99,10.78,Oui
E2431,Biologie,M,8.4,Non,11.63,9.73,Non
E2432,Informatique,M,18.4,Non,8.72,11.95,Oui
E2433,Informatique,F,15.2,Non,9.37,14.45,Oui
E2434,Informatique,F,8.9,Non,12.47,11.78,Oui
E2435,Mathématiques,F,8.7,Non,12.49,12.37,Oui
E2436,Mathématiques,F,1.8,Oui,4.74,9.1,Non
E2437,Biologie,M,9.7,Non,13.5,12.33,Oui
E2438,Mathématiques,M,4.4,Non,10.39,10.73,Oui
E2439,Économie,M,4.1,Non,10.1,8.22,Non
E2440,Mathématiques,F,6.9,Non,7.55,10.73,Oui
E2441,Biologie,F,12.1,Non,6.69,10.44,Oui
E2442,Biologie,F,12.5,Non,11.22,14.67,Oui
E2443,Économie,M,8.9,Non,10.54,11.39,Oui
E2444,Biologie,F,8.7,Non,8.81,10.43,Oui
E2445,Informatique,M,8.0,Oui,9.94,9.32,Non
E2446,Biologie,M,5.7,Non,11.99,10.73,Oui
E2447,Biologie,F,12.7,Non,13.33,12.15,Oui
E2448,Économie,F,10.9,Oui,10.08,12.21,Oui
E2449,Mathématiques,F,7.2,Oui,6.19,9.83,Non
E2450,Biologie,M,9.8,Non,14.97,14.8,Oui
E2451,Informatique,F,7.8,Non,10.96,7.81,Non
E2452,Mathématiques,F,5.8,Non,8.8,11.2,Oui
E2453,Économie,M,12.0,Oui,14.86,16.76,Oui
E2454,Informatique,F,12.9,Non,9.36,13.89,Oui
E2455,Biologie,M,14.1,Non,12.36,16.88,Oui
E2456,Mathématiques,M,20.7,Non,10.9,12.7,Oui
E2457,Informatique,F,4.4,Non,11.17,10.83,Oui
E2458,Informatique,M,19.7,Oui,8.97,13.41,Oui
E2459,Informatique,F,3.4,Non,10.8,8.78,Non
E2460,Mathématiques,M,5.6,Oui,10.13,8.99,Non
E2461,Mathématiques,M,4.5,Non,7.98,9.7,Non
E2462,Économie,F,14.8,Non,13.97,15.49,Oui
E2463,Économie,F,11.3,Non,9.67,12.54,Oui
E2464,Biologie,F,25.9,Oui,11.45,16.3,Oui
E2465,Mathématiques,M,19.1,Non,9.96,11.62,Oui
E2466,Mathématiques,M,9.3,Oui,11.83,14.68,Oui
E2467,Biologie,F,5.1,Non,9.35,9.81,Non
E2468,Informatique,F,5.8,Oui,5.08,11.16,Oui
E2469,Biologie,F,8.0,Oui,14.03,13.64,Oui
E2470,Informatique,F,11.4,Non,10.55,12.51,Oui
E2471,Informatique,F,9.0,Non,9.4,11.76,Oui
E2472,Mathématiques,F,6.9,Oui,12.33,12.4,Oui
E2473,Mathématiques,F,12.6,Oui,14.65,14.34,Oui
E2474,Mathématiques,F,4.0,Oui,12.95,10.08,Oui
E2475,Biologie,M,7.4,Non,10.28,14.92,Oui
E2476,Biologie,F,23.5,Oui,7.52,12.0,Oui
E2477,Économie,M,6.2,Non,9.16,13.86,Oui
E2478,Biologie,F,19.2,Non,10.64,10.37,Oui
E2479,Informatique,M,10.8,Oui,8.04,10.9,Oui
E2480,Mathématiques,M,13.1,Non,9.56,7.21,Non
E2481,Mathématiques,M,12.6,Non,9.17,11.18,Oui
E2482,Informatique,M,11.5,Non,7.35,8.6,Non
E2483,Biologie,M,3.2,Oui,10.51,6.32,Non
E2484,Biologie,M,4.2,Non,8.18,6.18,Non
E2485,Mathématiques,M,13.2,Non,17.43,12.98,Oui
E2486,Biologie,F,11.2,Oui,9.41,14.12,Oui
E2487,Mathématiques,F,5.3,Non,8.17,10.2,Oui
E2488,Économie,M,11.2,Oui,7.58,8.93,Non
E2489,Mathématiques,M,8.1,Non,10.26,8.97,Non
E2490,Biologie,F,7.5,Non,12.52,12.5,Oui
E2491,Biologie,M,10.6,Non,13.07,12.08,Oui
E2492,Informatique,F,12.3,Non,12.19,11.13,Oui
E2493,Informatique,M,16.8,Non,8.25,10.51,Oui
E2494,Informatique,M,4.6,Oui,13.06,14.44,Oui
E2495,Informatique,M,1.7,Oui,7.28,9.45,Non
E2496,Économie,F,7.0,Non,7.14,7.36,Non
E2497,Mathématiques,M,11.1,Non,11.56,13.43,Oui
E2498,Économie,F,8.9,Non,10.41,9.25,Non
E2499,Économie,F,11.1,Non,12.58,10.54,Oui
E2500,Biologie,M,7.0,Non,11.03,12.75,Oui
E2501,Informatique,F,11.7,Non,8.93,10.78,Oui
E2502,Informatique,F,9.6,Non,12.37,11.47,Oui
E2503,Mathématiques,F,14.7,Non,11.81,11.08,Oui
E2504,Informatique,M,15.8,Non,13.56,11.89,Oui
E2505,Mathématiques,M,9.0,Oui,10.65,12.85,Oui
E2506,Informatique,M,6.5,Non,14.37,10.45,Oui
E2507,Informatique,M,4.9,Oui,9.51,11.15,Oui
E2508,Mathématiques,M,9.1,Oui,3.32,7.41,Non
E2509,Économie,F,6.7,Oui,12.89,13.28,Oui
E2510,Informatique,M,17.4,Non,11.92,13.02,Oui
E2511,Économie,M,21.9,Non,9.83,14.95,Oui
E2512,Économie,M,14.0,Non,10.54,13.86,Oui
E2513,Informatique,F,13.4,Non,6.68,10.42,Oui
E2514,Informatique,M,2.3,Oui,9.24,11.65,Oui
E2515,Économie,M,11.4,Non,15.11,15.97,Oui
E2516,Informatique,M,7.4,Non,17.16,13.9,Oui
E2517,Informatique,F,10.2,Non,9.11,8.0,Non
E2518,Biologie,F,8.5,Non,11.18,13.7,Oui
E2519,Économie,M,6.1,Oui,11.62,15.35,Oui
E2520,Informatique,F,12.0,Non,11.97,13.27,Oui
E2521,Mathématiques,M,4.8,Non,8.54,9.48,Non
E2522,Informatique,M,24.7,Non,9.79,13.81,Oui
E2523,Informatique,M,12.5,Non,14.13,13.25,Oui
E2524,Mathématiques,M,4.6,Non,8.98,7.77,Non
E2525,Mathématiques,F,10.4,Non,8.59,10.66,Oui
E2526,Économie,M,23.6,Non,9.22,12.74,Oui
E2527,Informatique,F,3.7,Oui,9.04,8.3,Non
E2528,Économie,M,6.8,Non,15.59,15.16,Oui
E2529,Économie,F,6.8,Non,5.12,7.46,Non
E2530,Mathématiques,M,12.0,Non,13.38,12.75,Oui
E2531,Mathématiques,F,8.2,Oui,14.04,12.36,Oui
E2532,Informatique,M,20.2,Non,12.41,13.84,Oui
E2533,Économie,M,5.5,Oui,14.55,13.55,Oui
E2534,Mathématiques,M,10.0,Non,10.28,11.62,Oui
E2535,Économie,M,6.7,Non,8.04,11.68,Oui
E2536,Mathématiques,M,10.8,Non,8.35,9.78,Non
E2537,Biologie,F,6.0,Oui,9.99,12.29,Oui
E2538,Mathématiques,M,10.5,Non,6.93,7.15,Non
E2539,Mathématiques,M,7.0,Oui,10.08,12.92,Oui
E2540,Mathématiques,F,9.1,Non,6.51,10.02,Oui
E2541,Biologie,M,6.3,Oui,5.36,8.74,Non
E2542,Biologie,M,7.8,Non,10.05,8.99,Non
E2543,Économie,M,3.4,Non,10.62,7.37,Non
E2544,Mathématiques,M,12.1,Non,9.85,11.71,Oui
E2545,Biologie,F,12.3,Non,7.65,10.15,Oui
E2546,Économie,M,4.2,Oui,10.12,10.72,Oui
E2547,Informatique,F,2.9,Non,11.56,13.47,Oui
E2548,Mathématiques,M,7.3,Oui,13.0,11.43,Oui
E2549,Biologie,M,9.2,Non,9.6,12.45,Oui
E2550,Biologie,M,10.6,Non,14.3,11.89,Oui
E2551,Mathématiques,F,5.5,Non,14.06,14.93,Oui
E2552,Biologie,F,9.5,Non,8.02,8.05,Non
E2553,Informatique,F,5.6,Oui,8.37,9.76,Non
E2554,Biologie,F,14.5,Non,8.59,11.15,Oui
E2555,Mathématiques,M,24.7,Non,9.88,12.82,Oui
E2556,Mathématiques,M,10.1,Oui,12.66,14.74,Oui
E2557,Mathématiques,M,16.7,Non,13.61,13.44,Oui
E2558,Biologie,F,7.3,Non,14.35,15.09,Oui
E2559,Informatique,F,15.9,Oui,12.61,16.27,Oui
E2560,Biologie,F,5.6,Non,11.47,16.72,Oui
E2561,Biologie,F,7.9,Non,8.05,7.21,Non
E2562,Informatique,F,6.3,Non,13.28,8.76,Non
E2563,Économie,F,26.3,Oui,6.68,11.07,Oui
E2564,Biologie,M,15.6,Non,10.26,9.43,Non
E2565,Mathématiques,M,14.8,Non,8.38,6.23,Non
E2566,Mathématiques,M,6.1,Non,9.36,10.9,Oui
E2567,Mathématiques,M,12.6,Non,12.72,12.61,Oui
E2568,Mathématiques,F,7.3,Oui,9.94,9.86,Non
E2569,Mathématiques,F,7.5,Oui,9.17,6.78,Non
E2570,Économie,F,10.3,Non,11.88,6.87,Non
E2571,Informatique,M,14.0,Non,11.35,12.4,Oui
E2572,Économie,F,12.9,Non,10.78,13.85,Oui
E2573,Biologie,M,7.9,Non,11.04,13.51,Oui
E2574,Économie,M,9.1,Oui,14.75,10.75,Oui
E2575,Informatique,F,11.0,Oui,9.62,14.3,Oui
E2576,Mathématiques,M,14.4,Non,8.08,10.33,Oui
E2577,Économie,F,19.5,Non,11.4,11.94,Oui
E2578,Mathématiques,M,12.4,Non,8.22,11.07,Oui
E2579,Économie,F,8.6,Oui,9.9,18.13,Oui
E2580,Mathématiques,M,11.0,Non,7.68,4.89,Non
E2581,Mathématiques,F,17.6,Non,7.71,7.5,Non
E2582,Biologie,F,7.6,Oui,11.11,11.26,Oui
E2583,Économie,M,13.8,Non,16.97,14.99,Oui
E2584,Informatique,M,8.7,Non,15.37,13.64,Oui
E2585,Mathématiques,M,9.2,Oui,11.18,10.79,Oui
E2586,Biologie,M,6.8,Oui,9.93,13.82,Oui
E2587,Biologie,F,3.4,Non,11.3,13.01,Oui
E2588,Mathématiques,F,13.6,Non,11.23,11.4,Oui
E2589,Économie,M,15.4,Oui,8.35,13.02,Oui
E2590,Informatique,M,6.9,Non,9.6,7.78,Non
E2591,Économie,M,11.0,Non,8.77,11.13,Oui
E2592,Économie,M,16.7,Oui,7.8,15.71,Oui
E2593,Informatique,F,8.6,Non,9.76,14.29,Oui
E2594,Mathématiques,F,16.0,Non,5.64,6.31,Non
E2595,Économie,F,10.4,Oui,11.8,12.21,Oui
E2596,Mathématiques,M,5.0,Oui,8.33,6.32,Non
E2597,Mathématiques,M,10.0,Non,9.61,11.78,Oui
E2598,Biologie,F,11.0,Non,11.93,12.09,Oui
E2599,Mathématiques,F,8.5,Non,10.79,9.28,Non
